file,line,type,commit,author,date,time,timezone,datetime,depth,length
style.css,1,css,86c7817d,Tijil Chhabra,2026-04-11,13:32:22,-07:00,2026-04-11T13:32:22-07:00,0,5
style.css,2,css,86c7817d,Tijil Chhabra,2026-04-11,13:32:22,-07:00,2026-04-11T13:32:22-07:00,1,31
style.css,3,css,c39759e7,Tijil Chhabra,2026-04-24,13:28:33,-07:00,2026-04-24T13:28:33-07:00,1,23
style.css,4,css,86c7817d,Tijil Chhabra,2026-04-11,13:32:22,-07:00,2026-04-11T13:32:22-07:00,0,0
style.css,5,css,86c7817d,Tijil Chhabra,2026-04-11,13:32:22,-07:00,2026-04-11T13:32:22-07:00,0,0
style.css,6,css,86c7817d,Tijil Chhabra,2026-04-11,13:32:22,-07:00,2026-04-11T13:32:22-07:00,0,4
style.css,7,css,86c7817d,Tijil Chhabra,2026-04-11,13:32:22,-07:00,2026-04-11T13:32:22-07:00,1,32
style.css,8,css,86c7817d,Tijil Chhabra,2026-04-11,13:32:22,-07:00,2026-04-11T13:32:22-07:00,0,0
style.css,9,css,86c7817d,Tijil Chhabra,2026-04-11,13:32:22,-07:00,2026-04-11T13:32:22-07:00,0,0
style.css,10,css,9b2edff,Tijil Chhabra,2026-04-04,19:10:07,-07:00,2026-04-04T19:10:07-07:00,0,4
style.css,11,css,9b2edff,Tijil Chhabra,2026-04-04,19:10:07,-07:00,2026-04-04T19:10:07-07:00,1,43
style.css,12,css,86c7817d,Tijil Chhabra,2026-04-11,13:32:22,-07:00,2026-04-11T13:32:22-07:00,0,42
style.css,13,css,9b2edff,Tijil Chhabra,2026-04-04,19:10:07,-07:00,2026-04-04T19:10:07-07:00,0,0
style.css,14,css,9b2edff,Tijil Chhabra,2026-04-04,19:10:07,-07:00,2026-04-04T19:10:07-07:00,1,23
style.css,15,css,86c7817d,Tijil Chhabra,2026-04-11,13:32:22,-07:00,2026-04-11T13:32:22-07:00,1,15
style.css,16,css,86c7817d,Tijil Chhabra,2026-04-11,13:32:22,-07:00,2026-04-11T13:32:22-07:00,1,42
style.css,17,css,86c7817d,Tijil Chhabra,2026-04-11,13:32:22,-07:00,2026-04-11T13:32:22-07:00,0,0
style.css,18,css,86c7817d,Tijil Chhabra,2026-04-11,13:32:22,-07:00,2026-04-11T13:32:22-07:00,0,0
style.css,19,css,86c7817d,Tijil Chhabra,2026-04-11,13:32:22,-07:00,2026-04-11T13:32:22-07:00,0,5
style.css,20,css,86c7817d,Tijil Chhabra,2026-04-11,13:32:22,-07:00,2026-04-11T13:32:22-07:00,0,6
style.css,21,css,86c7817d,Tijil Chhabra,2026-04-11,13:32:22,-07:00,2026-04-11T13:32:22-07:00,1,16
style.css,22,css,86c7817d,Tijil Chhabra,2026-04-11,13:32:22,-07:00,2026-04-11T13:32:22-07:00,0,0
style.css,23,css,86c7817d,Tijil Chhabra,2026-04-11,13:32:22,-07:00,2026-04-11T13:32:22-07:00,0,0
style.css,24,css,86c7817d,Tijil Chhabra,2026-04-11,13:32:22,-07:00,2026-04-11T13:32:22-07:00,0,3
style.css,25,css,86c7817d,Tijil Chhabra,2026-04-11,13:32:22,-07:00,2026-04-11T13:32:22-07:00,1,12
style.css,26,css,86c7817d,Tijil Chhabra,2026-04-11,13:32:22,-07:00,2026-04-11T13:32:22-07:00,1,17
style.css,27,css,c39759e7,Tijil Chhabra,2026-04-24,13:28:33,-07:00,2026-04-24T13:28:33-07:00,1,74
style.css,28,css,86c7817d,Tijil Chhabra,2026-04-11,13:32:22,-07:00,2026-04-11T13:32:22-07:00,0,0
style.css,29,css,86c7817d,Tijil Chhabra,2026-04-11,13:32:22,-07:00,2026-04-11T13:32:22-07:00,0,0
style.css,30,css,86c7817d,Tijil Chhabra,2026-04-11,13:32:22,-07:00,2026-04-11T13:32:22-07:00,0,5
style.css,31,css,86c7817d,Tijil Chhabra,2026-04-11,13:32:22,-07:00,2026-04-11T13:32:22-07:00,1,6
style.css,32,css,86c7817d,Tijil Chhabra,2026-04-11,13:32:22,-07:00,2026-04-11T13:32:22-07:00,1,20
style.css,33,css,86c7817d,Tijil Chhabra,2026-04-11,13:32:22,-07:00,2026-04-11T13:32:22-07:00,1,13
style.css,34,css,86c7817d,Tijil Chhabra,2026-04-11,13:32:22,-07:00,2026-04-11T13:32:22-07:00,1,17
style.css,35,css,86c7817d,Tijil Chhabra,2026-04-11,13:32:22,-07:00,2026-04-11T13:32:22-07:00,1,13
style.css,36,css,86c7817d,Tijil Chhabra,2026-04-11,13:32:22,-07:00,2026-04-11T13:32:22-07:00,0,0
style.css,37,css,86c7817d,Tijil Chhabra,2026-04-11,13:32:22,-07:00,2026-04-11T13:32:22-07:00,0,0
style.css,38,css,86c7817d,Tijil Chhabra,2026-04-11,13:32:22,-07:00,2026-04-11T13:32:22-07:00,0,13
style.css,39,css,86c7817d,Tijil Chhabra,2026-04-11,13:32:22,-07:00,2026-04-11T13:32:22-07:00,1,43
style.css,40,css,86c7817d,Tijil Chhabra,2026-04-11,13:32:22,-07:00,2026-04-11T13:32:22-07:00,1,20
style.css,41,css,86c7817d,Tijil Chhabra,2026-04-11,13:32:22,-07:00,2026-04-11T13:32:22-07:00,0,0
style.css,42,css,86c7817d,Tijil Chhabra,2026-04-11,13:32:22,-07:00,2026-04-11T13:32:22-07:00,0,0
style.css,43,css,e5b8de30,Tijil Chhabra,2026-04-11,15:10:07,-07:00,2026-04-11T15:10:07-07:00,0,4
style.css,44,css,e5b8de30,Tijil Chhabra,2026-04-11,15:10:07,-07:00,2026-04-11T15:10:07-07:00,0,7
style.css,45,css,c39759e7,Tijil Chhabra,2026-04-24,13:28:33,-07:00,2026-04-24T13:28:33-07:00,0,5
style.css,46,css,c39759e7,Tijil Chhabra,2026-04-24,13:28:33,-07:00,2026-04-24T13:28:33-07:00,0,6
style.css,47,css,e5b8de30,Tijil Chhabra,2026-04-11,15:10:07,-07:00,2026-04-11T15:10:07-07:00,1,12
style.css,48,css,e5b8de30,Tijil Chhabra,2026-04-11,15:10:07,-07:00,2026-04-11T15:10:07-07:00,0,0
style.css,49,css,e5b8de30,Tijil Chhabra,2026-04-11,15:10:07,-07:00,2026-04-11T15:10:07-07:00,0,0
style.css,50,css,e5b8de30,Tijil Chhabra,2026-04-11,15:10:07,-07:00,2026-04-11T15:10:07-07:00,0,4
style.css,51,css,e5b8de30,Tijil Chhabra,2026-04-11,15:10:07,-07:00,2026-04-11T15:10:07-07:00,1,12
style.css,52,css,e5b8de30,Tijil Chhabra,2026-04-11,15:10:07,-07:00,2026-04-11T15:10:07-07:00,1,30
style.css,53,css,e5b8de30,Tijil Chhabra,2026-04-11,15:10:07,-07:00,2026-04-11T15:10:07-07:00,1,7
style.css,54,css,e5b8de30,Tijil Chhabra,2026-04-11,15:10:07,-07:00,2026-04-11T15:10:07-07:00,0,0
style.css,55,css,e5b8de30,Tijil Chhabra,2026-04-11,15:10:07,-07:00,2026-04-11T15:10:07-07:00,0,0
style.css,56,css,e5b8de30,Tijil Chhabra,2026-04-11,15:10:07,-07:00,2026-04-11T15:10:07-07:00,0,5
style.css,57,css,e5b8de30,Tijil Chhabra,2026-04-11,15:10:07,-07:00,2026-04-11T15:10:07-07:00,1,12
style.css,58,css,e5b8de30,Tijil Chhabra,2026-04-11,15:10:07,-07:00,2026-04-11T15:10:07-07:00,1,29
style.css,59,css,e5b8de30,Tijil Chhabra,2026-04-11,15:10:07,-07:00,2026-04-11T15:10:07-07:00,1,18
style.css,60,css,e5b8de30,Tijil Chhabra,2026-04-11,15:10:07,-07:00,2026-04-11T15:10:07-07:00,0,0
style.css,61,css,e5b8de30,Tijil Chhabra,2026-04-11,15:10:07,-07:00,2026-04-11T15:10:07-07:00,0,0
style.css,62,css,e5b8de30,Tijil Chhabra,2026-04-11,15:10:07,-07:00,2026-04-11T15:10:07-07:00,0,6
style.css,63,css,e5b8de30,Tijil Chhabra,2026-04-11,15:10:07,-07:00,2026-04-11T15:10:07-07:00,1,18
style.css,64,css,e5b8de30,Tijil Chhabra,2026-04-11,15:10:07,-07:00,2026-04-11T15:10:07-07:00,0,0
style.css,65,css,e5b8de30,Tijil Chhabra,2026-04-11,15:10:07,-07:00,2026-04-11T15:10:07-07:00,0,0
style.css,66,css,e5b8de30,Tijil Chhabra,2026-04-11,15:10:07,-07:00,2026-04-11T15:10:07-07:00,0,22
style.css,67,css,e5b8de30,Tijil Chhabra,2026-04-11,15:10:07,-07:00,2026-04-11T15:10:07-07:00,1,15
style.css,68,css,e5b8de30,Tijil Chhabra,2026-04-11,15:10:07,-07:00,2026-04-11T15:10:07-07:00,1,17
style.css,69,css,e5b8de30,Tijil Chhabra,2026-04-11,15:10:07,-07:00,2026-04-11T15:10:07-07:00,0,0
style.css,70,css,e5b8de30,Tijil Chhabra,2026-04-11,15:10:07,-07:00,2026-04-11T15:10:07-07:00,0,0
style.css,71,css,e5b8de30,Tijil Chhabra,2026-04-11,15:10:07,-07:00,2026-04-11T15:10:07-07:00,0,2
style.css,72,css,e5b8de30,Tijil Chhabra,2026-04-11,15:10:07,-07:00,2026-04-11T15:10:07-07:00,1,14
style.css,73,css,e5b8de30,Tijil Chhabra,2026-04-11,15:10:07,-07:00,2026-04-11T15:10:07-07:00,0,0
style.css,74,css,e5b8de30,Tijil Chhabra,2026-04-11,15:10:07,-07:00,2026-04-11T15:10:07-07:00,0,0
style.css,75,css,e5b8de30,Tijil Chhabra,2026-04-11,15:10:07,-07:00,2026-04-11T15:10:07-07:00,0,2
style.css,76,css,e5b8de30,Tijil Chhabra,2026-04-11,15:10:07,-07:00,2026-04-11T15:10:07-07:00,1,8
style.css,77,css,e5b8de30,Tijil Chhabra,2026-04-11,15:10:07,-07:00,2026-04-11T15:10:07-07:00,0,0
style.css,78,css,e5b8de30,Tijil Chhabra,2026-04-11,15:10:07,-07:00,2026-04-11T15:10:07-07:00,0,0
style.css,79,css,e5b8de30,Tijil Chhabra,2026-04-11,15:10:07,-07:00,2026-04-11T15:10:07-07:00,0,9
style.css,80,css,e5b8de30,Tijil Chhabra,2026-04-11,15:10:07,-07:00,2026-04-11T15:10:07-07:00,1,12
style.css,81,css,e5b8de30,Tijil Chhabra,2026-04-11,15:10:07,-07:00,2026-04-11T15:10:07-07:00,1,58
style.css,82,css,e5b8de30,Tijil Chhabra,2026-04-11,15:10:07,-07:00,2026-04-11T15:10:07-07:00,1,7
style.css,83,css,e5b8de30,Tijil Chhabra,2026-04-11,15:10:07,-07:00,2026-04-11T15:10:07-07:00,0,0
style.css,84,css,e5b8de30,Tijil Chhabra,2026-04-11,15:10:07,-07:00,2026-04-11T15:10:07-07:00,0,0
style.css,85,css,e5b8de30,Tijil Chhabra,2026-04-11,15:10:07,-07:00,2026-04-11T15:10:07-07:00,0,17
style.css,86,css,e5b8de30,Tijil Chhabra,2026-04-11,15:10:07,-07:00,2026-04-11T15:10:07-07:00,1,12
style.css,87,css,e5b8de30,Tijil Chhabra,2026-04-11,15:10:07,-07:00,2026-04-11T15:10:07-07:00,1,26
style.css,88,css,05a9d1f0,Tijil Chhabra,2026-05-02,21:26:19,-07:00,2026-05-02T21:26:19-07:00,1,15
style.css,89,css,05a9d1f0,Tijil Chhabra,2026-05-02,21:26:19,-07:00,2026-05-02T21:26:19-07:00,0,0
style.css,90,css,05a9d1f0,Tijil Chhabra,2026-05-02,21:26:19,-07:00,2026-05-02T21:26:19-07:00,0,0
style.css,91,css,05a9d1f0,Tijil Chhabra,2026-05-02,21:26:19,-07:00,2026-05-02T21:26:19-07:00,0,13
style.css,92,css,05a9d1f0,Tijil Chhabra,2026-05-02,21:26:19,-07:00,2026-05-02T21:26:19-07:00,1,30
style.css,93,css,05a9d1f0,Tijil Chhabra,2026-05-02,21:26:19,-07:00,2026-05-02T21:26:19-07:00,1,34
style.css,94,css,05a9d1f0,Tijil Chhabra,2026-05-02,21:26:19,-07:00,2026-05-02T21:26:19-07:00,1,56
style.css,95,css,05a9d1f0,Tijil Chhabra,2026-05-02,21:26:19,-07:00,2026-05-02T21:26:19-07:00,1,8
style.css,96,css,e5b8de30,Tijil Chhabra,2026-04-11,15:10:07,-07:00,2026-04-11T15:10:07-07:00,0,0
style.css,97,css,e5b8de30,Tijil Chhabra,2026-04-11,15:10:07,-07:00,2026-04-11T15:10:07-07:00,0,0
style.css,98,css,e5b8de30,Tijil Chhabra,2026-04-11,15:10:07,-07:00,2026-04-11T15:10:07-07:00,0,15
style.css,99,css,e5b8de30,Tijil Chhabra,2026-04-11,15:10:07,-07:00,2026-04-11T15:10:07-07:00,0,10
style.css,100,css,e5b8de30,Tijil Chhabra,2026-04-11,15:10:07,-07:00,2026-04-11T15:10:07-07:00,1,17
style.css,101,css,e5b8de30,Tijil Chhabra,2026-04-11,15:10:07,-07:00,2026-04-11T15:10:07-07:00,1,17
style.css,102,css,e5b8de30,Tijil Chhabra,2026-04-11,15:10:07,-07:00,2026-04-11T15:10:07-07:00,0,0
style.css,103,css,e5b8de30,Tijil Chhabra,2026-04-11,15:10:07,-07:00,2026-04-11T15:10:07-07:00,0,0
style.css,104,css,e5b8de30,Tijil Chhabra,2026-04-11,15:10:07,-07:00,2026-04-11T15:10:07-07:00,0,13
style.css,105,css,e5b8de30,Tijil Chhabra,2026-04-11,15:10:07,-07:00,2026-04-11T15:10:07-07:00,1,14
style.css,106,css,e5b8de30,Tijil Chhabra,2026-04-11,15:10:07,-07:00,2026-04-11T15:10:07-07:00,1,19
style.css,107,css,e5b8de30,Tijil Chhabra,2026-04-11,15:10:07,-07:00,2026-04-11T15:10:07-07:00,0,0
style.css,108,css,e5b8de30,Tijil Chhabra,2026-04-11,15:10:07,-07:00,2026-04-11T15:10:07-07:00,0,0
style.css,109,css,e5b8de30,Tijil Chhabra,2026-04-11,15:10:07,-07:00,2026-04-11T15:10:07-07:00,0,11
style.css,110,css,e5b8de30,Tijil Chhabra,2026-04-11,15:10:07,-07:00,2026-04-11T15:10:07-07:00,1,15
style.css,111,css,c39759e7,Tijil Chhabra,2026-04-24,13:28:33,-07:00,2026-04-24T13:28:33-07:00,1,56
style.css,112,css,e5b8de30,Tijil Chhabra,2026-04-11,15:10:07,-07:00,2026-04-11T15:10:07-07:00,0,0
style.css,113,css,e5b8de30,Tijil Chhabra,2026-04-11,15:10:07,-07:00,2026-04-11T15:10:07-07:00,0,0
style.css,114,css,e5b8de30,Tijil Chhabra,2026-04-11,15:10:07,-07:00,2026-04-11T15:10:07-07:00,0,13
style.css,115,css,e5b8de30,Tijil Chhabra,2026-04-11,15:10:07,-07:00,2026-04-11T15:10:07-07:00,1,13
style.css,116,css,e5b8de30,Tijil Chhabra,2026-04-11,15:10:07,-07:00,2026-04-11T15:10:07-07:00,0,0
style.css,117,css,e5b8de30,Tijil Chhabra,2026-04-11,15:10:07,-07:00,2026-04-11T15:10:07-07:00,0,0
style.css,118,css,e5b8de30,Tijil Chhabra,2026-04-11,15:10:07,-07:00,2026-04-11T15:10:07-07:00,0,7
style.css,119,css,e5b8de30,Tijil Chhabra,2026-04-11,15:10:07,-07:00,2026-04-11T15:10:07-07:00,1,19
style.css,120,css,e5b8de30,Tijil Chhabra,2026-04-11,15:10:07,-07:00,2026-04-11T15:10:07-07:00,0,0
style.css,121,css,e5b8de30,Tijil Chhabra,2026-04-11,15:10:07,-07:00,2026-04-11T15:10:07-07:00,0,0
style.css,122,css,e5b8de30,Tijil Chhabra,2026-04-11,15:10:07,-07:00,2026-04-11T15:10:07-07:00,0,12
style.css,123,css,e5b8de30,Tijil Chhabra,2026-04-11,15:10:07,-07:00,2026-04-11T15:10:07-07:00,1,14
style.css,124,css,e5b8de30,Tijil Chhabra,2026-04-11,15:10:07,-07:00,2026-04-11T15:10:07-07:00,1,24
style.css,125,css,e5b8de30,Tijil Chhabra,2026-04-11,15:10:07,-07:00,2026-04-11T15:10:07-07:00,1,21
style.css,126,css,c39759e7,Tijil Chhabra,2026-04-24,13:28:33,-07:00,2026-04-24T13:28:33-07:00,1,38
style.css,127,css,e5b8de30,Tijil Chhabra,2026-04-11,15:10:07,-07:00,2026-04-11T15:10:07-07:00,1,20
style.css,128,css,e5b8de30,Tijil Chhabra,2026-04-11,15:10:07,-07:00,2026-04-11T15:10:07-07:00,1,19
style.css,129,css,e5b8de30,Tijil Chhabra,2026-04-11,15:10:07,-07:00,2026-04-11T15:10:07-07:00,0,0
style.css,130,css,e5b8de30,Tijil Chhabra,2026-04-11,15:10:07,-07:00,2026-04-11T15:10:07-07:00,0,0
style.css,131,css,e5b8de30,Tijil Chhabra,2026-04-11,15:10:07,-07:00,2026-04-11T15:10:07-07:00,0,15
style.css,132,css,e5b8de30,Tijil Chhabra,2026-04-11,15:10:07,-07:00,2026-04-11T15:10:07-07:00,1,19
style.css,133,css,e5b8de30,Tijil Chhabra,2026-04-11,15:10:07,-07:00,2026-04-11T15:10:07-07:00,0,0
style.css,134,css,e5b8de30,Tijil Chhabra,2026-04-11,15:10:07,-07:00,2026-04-11T15:10:07-07:00,0,0
style.css,135,css,e5b8de30,Tijil Chhabra,2026-04-11,15:10:07,-07:00,2026-04-11T15:10:07-07:00,0,22
style.css,136,css,e5b8de30,Tijil Chhabra,2026-04-11,15:10:07,-07:00,2026-04-11T15:10:07-07:00,1,19
style.css,137,css,e5b8de30,Tijil Chhabra,2026-04-11,15:10:07,-07:00,2026-04-11T15:10:07-07:00,0,0
style.css,138,css,e5b8de30,Tijil Chhabra,2026-04-11,15:10:07,-07:00,2026-04-11T15:10:07-07:00,0,0
style.css,139,css,e5b8de30,Tijil Chhabra,2026-04-11,15:10:07,-07:00,2026-04-11T15:10:07-07:00,0,7
style.css,140,css,e5b8de30,Tijil Chhabra,2026-04-11,15:10:07,-07:00,2026-04-11T15:10:07-07:00,1,12
style.css,141,css,e5b8de30,Tijil Chhabra,2026-04-11,15:10:07,-07:00,2026-04-11T15:10:07-07:00,1,29
style.css,142,css,e5b8de30,Tijil Chhabra,2026-04-11,15:10:07,-07:00,2026-04-11T15:10:07-07:00,1,7
style.css,143,css,e5b8de30,Tijil Chhabra,2026-04-11,15:10:07,-07:00,2026-04-11T15:10:07-07:00,0,0
style.css,144,css,e5b8de30,Tijil Chhabra,2026-04-11,15:10:07,-07:00,2026-04-11T15:10:07-07:00,0,0
style.css,145,css,e5b8de30,Tijil Chhabra,2026-04-11,15:10:07,-07:00,2026-04-11T15:10:07-07:00,0,18
style.css,146,css,e5b8de30,Tijil Chhabra,2026-04-11,15:10:07,-07:00,2026-04-11T15:10:07-07:00,1,18
style.css,147,css,e5b8de30,Tijil Chhabra,2026-04-11,15:10:07,-07:00,2026-04-11T15:10:07-07:00,1,18
style.css,148,css,e5b8de30,Tijil Chhabra,2026-04-11,15:10:07,-07:00,2026-04-11T15:10:07-07:00,0,0
style.css,149,css,e5b8de30,Tijil Chhabra,2026-04-11,15:10:07,-07:00,2026-04-11T15:10:07-07:00,0,0
style.css,150,css,e5b8de30,Tijil Chhabra,2026-04-11,15:10:07,-07:00,2026-04-11T15:10:07-07:00,0,21
style.css,151,css,e5b8de30,Tijil Chhabra,2026-04-11,15:10:07,-07:00,2026-04-11T15:10:07-07:00,1,19
style.css,152,css,e5b8de30,Tijil Chhabra,2026-04-11,15:10:07,-07:00,2026-04-11T15:10:07-07:00,0,0
style.css,153,css,e5b8de30,Tijil Chhabra,2026-04-11,15:10:07,-07:00,2026-04-11T15:10:07-07:00,0,0
style.css,154,css,b3b558ae,Tijil Chhabra,2026-04-25,21:57:02,-07:00,2026-04-25T21:57:02-07:00,0,17
style.css,155,css,b3b558ae,Tijil Chhabra,2026-04-25,21:57:02,-07:00,2026-04-25T21:57:02-07:00,1,12
style.css,156,css,b3b558ae,Tijil Chhabra,2026-04-25,21:57:02,-07:00,2026-04-25T21:57:02-07:00,1,36
style.css,157,css,b3b558ae,Tijil Chhabra,2026-04-25,21:57:02,-07:00,2026-04-25T21:57:02-07:00,0,0
style.css,158,css,b3b558ae,Tijil Chhabra,2026-04-25,21:57:02,-07:00,2026-04-25T21:57:02-07:00,0,0
style.css,159,css,b3b558ae,Tijil Chhabra,2026-04-25,21:57:02,-07:00,2026-04-25T21:57:02-07:00,0,17
style.css,160,css,b3b558ae,Tijil Chhabra,2026-04-25,21:57:02,-07:00,2026-04-25T21:57:02-07:00,1,16
style.css,161,css,b3b558ae,Tijil Chhabra,2026-04-25,21:57:02,-07:00,2026-04-25T21:57:02-07:00,1,10
style.css,162,css,b3b558ae,Tijil Chhabra,2026-04-25,21:57:02,-07:00,2026-04-25T21:57:02-07:00,0,0
style.css,163,css,b3b558ae,Tijil Chhabra,2026-04-25,21:57:02,-07:00,2026-04-25T21:57:02-07:00,0,0
style.css,164,css,b3b558ae,Tijil Chhabra,2026-04-25,21:57:02,-07:00,2026-04-25T21:57:02-07:00,0,17
style.css,165,css,b3b558ae,Tijil Chhabra,2026-04-25,21:57:02,-07:00,2026-04-25T21:57:02-07:00,1,8
style.css,166,css,b3b558ae,Tijil Chhabra,2026-04-25,21:57:02,-07:00,2026-04-25T21:57:02-07:00,1,10
style.css,167,css,b3b558ae,Tijil Chhabra,2026-04-25,21:57:02,-07:00,2026-04-25T21:57:02-07:00,0,0
style.css,168,css,b3b558ae,Tijil Chhabra,2026-04-25,21:57:02,-07:00,2026-04-25T21:57:02-07:00,0,0
style.css,169,css,86c7817d,Tijil Chhabra,2026-04-11,13:32:22,-07:00,2026-04-11T13:32:22-07:00,0,11
style.css,170,css,86c7817d,Tijil Chhabra,2026-04-11,13:32:22,-07:00,2026-04-11T13:32:22-07:00,1,45
style.css,171,css,86c7817d,Tijil Chhabra,2026-04-11,13:32:22,-07:00,2026-04-11T13:32:22-07:00,1,20
style.css,172,css,c39759e7,Tijil Chhabra,2026-04-24,13:28:33,-07:00,2026-04-24T13:28:33-07:00,1,69
style.css,173,css,c39759e7,Tijil Chhabra,2026-04-24,13:28:33,-07:00,2026-04-24T13:28:33-07:00,0,0
style.css,174,css,c39759e7,Tijil Chhabra,2026-04-24,13:28:33,-07:00,2026-04-24T13:28:33-07:00,0,0
style.css,175,css,c39759e7,Tijil Chhabra,2026-04-24,13:28:33,-07:00,2026-04-24T13:28:33-07:00,0,13
style.css,176,css,c39759e7,Tijil Chhabra,2026-04-24,13:28:33,-07:00,2026-04-24T13:28:33-07:00,1,17
style.css,177,css,c39759e7,Tijil Chhabra,2026-04-24,13:28:33,-07:00,2026-04-24T13:28:33-07:00,1,8
style.css,178,css,c39759e7,Tijil Chhabra,2026-04-24,13:28:33,-07:00,2026-04-24T13:28:33-07:00,1,10
style.css,179,css,c39759e7,Tijil Chhabra,2026-04-24,13:28:33,-07:00,2026-04-24T13:28:33-07:00,1,13
style.css,180,css,c39759e7,Tijil Chhabra,2026-04-24,13:28:33,-07:00,2026-04-24T13:28:33-07:00,1,12
style.css,181,css,c39759e7,Tijil Chhabra,2026-04-24,13:28:33,-07:00,2026-04-24T13:28:33-07:00,1,18
style.css,182,css,c39759e7,Tijil Chhabra,2026-04-24,13:28:33,-07:00,2026-04-24T13:28:33-07:00,1,9
style.css,183,css,9b2edff,Tijil Chhabra,2026-04-04,19:10:07,-07:00,2026-04-04T19:10:07-07:00,0,0
style.css,184,css,05a9d1f0,Tijil Chhabra,2026-05-02,21:26:19,-07:00,2026-05-02T21:26:19-07:00,0,0
style.css,185,css,05a9d1f0,Tijil Chhabra,2026-05-02,21:26:19,-07:00,2026-05-02T21:26:19-07:00,0,14
style.css,186,css,05a9d1f0,Tijil Chhabra,2026-05-02,21:26:19,-07:00,2026-05-02T21:26:19-07:00,0,10
style.css,187,css,05a9d1f0,Tijil Chhabra,2026-05-02,21:26:19,-07:00,2026-05-02T21:26:19-07:00,1,13
style.css,188,css,05a9d1f0,Tijil Chhabra,2026-05-02,21:26:19,-07:00,2026-05-02T21:26:19-07:00,1,10
style.css,189,css,05a9d1f0,Tijil Chhabra,2026-05-02,21:26:19,-07:00,2026-05-02T21:26:19-07:00,1,16
style.css,190,css,05a9d1f0,Tijil Chhabra,2026-05-02,21:26:19,-07:00,2026-05-02T21:26:19-07:00,1,13
style.css,191,css,05a9d1f0,Tijil Chhabra,2026-05-02,21:26:19,-07:00,2026-05-02T21:26:19-07:00,1,13
style.css,192,css,05a9d1f0,Tijil Chhabra,2026-05-02,21:26:19,-07:00,2026-05-02T21:26:19-07:00,1,21
style.css,193,css,05a9d1f0,Tijil Chhabra,2026-05-02,21:26:19,-07:00,2026-05-02T21:26:19-07:00,0,0
style.css,194,css,05a9d1f0,Tijil Chhabra,2026-05-02,21:26:19,-07:00,2026-05-02T21:26:19-07:00,0,0
style.css,195,css,05a9d1f0,Tijil Chhabra,2026-05-02,21:26:19,-07:00,2026-05-02T21:26:19-07:00,0,29
style.css,196,css,05a9d1f0,Tijil Chhabra,2026-05-02,21:26:19,-07:00,2026-05-02T21:26:19-07:00,0,16
style.css,197,css,05a9d1f0,Tijil Chhabra,2026-05-02,21:26:19,-07:00,2026-05-02T21:26:19-07:00,1,12
style.css,198,css,05a9d1f0,Tijil Chhabra,2026-05-02,21:26:19,-07:00,2026-05-02T21:26:19-07:00,1,7
style.css,199,css,05a9d1f0,Tijil Chhabra,2026-05-02,21:26:19,-07:00,2026-05-02T21:26:19-07:00,1,22
style.css,200,css,05a9d1f0,Tijil Chhabra,2026-05-02,21:26:19,-07:00,2026-05-02T21:26:19-07:00,0,0
style.css,201,css,05a9d1f0,Tijil Chhabra,2026-05-02,21:26:19,-07:00,2026-05-02T21:26:19-07:00,0,0
style.css,202,css,05a9d1f0,Tijil Chhabra,2026-05-02,21:26:19,-07:00,2026-05-02T21:26:19-07:00,0,18
style.css,203,css,05a9d1f0,Tijil Chhabra,2026-05-02,21:26:19,-07:00,2026-05-02T21:26:19-07:00,1,14
style.css,204,css,05a9d1f0,Tijil Chhabra,2026-05-02,21:26:19,-07:00,2026-05-02T21:26:19-07:00,1,16
style.css,205,css,05a9d1f0,Tijil Chhabra,2026-05-02,21:26:19,-07:00,2026-05-02T21:26:19-07:00,1,16
style.css,206,css,05a9d1f0,Tijil Chhabra,2026-05-02,21:26:19,-07:00,2026-05-02T21:26:19-07:00,0,0
style.css,207,css,05a9d1f0,Tijil Chhabra,2026-05-02,21:26:19,-07:00,2026-05-02T21:26:19-07:00,0,0
style.css,208,css,05a9d1f0,Tijil Chhabra,2026-05-02,21:26:19,-07:00,2026-05-02T21:26:19-07:00,0,23
style.css,209,css,05a9d1f0,Tijil Chhabra,2026-05-02,21:26:19,-07:00,2026-05-02T21:26:19-07:00,1,16
style.css,210,css,05a9d1f0,Tijil Chhabra,2026-05-02,21:26:19,-07:00,2026-05-02T21:26:19-07:00,1,14
style.css,211,css,05a9d1f0,Tijil Chhabra,2026-05-02,21:26:19,-07:00,2026-05-02T21:26:19-07:00,0,0
style.css,212,css,05a9d1f0,Tijil Chhabra,2026-05-02,21:26:19,-07:00,2026-05-02T21:26:19-07:00,0,0
style.css,213,css,05a9d1f0,Tijil Chhabra,2026-05-02,21:26:19,-07:00,2026-05-02T21:26:19-07:00,0,51
style.css,214,css,05a9d1f0,Tijil Chhabra,2026-05-02,21:26:19,-07:00,2026-05-02T21:26:19-07:00,1,11
style.css,215,css,05a9d1f0,Tijil Chhabra,2026-05-02,21:26:19,-07:00,2026-05-02T21:26:19-07:00,0,0
style.css,216,css,05a9d1f0,Tijil Chhabra,2026-05-02,21:26:19,-07:00,2026-05-02T21:26:19-07:00,0,0
style.css,217,css,05a9d1f0,Tijil Chhabra,2026-05-02,21:26:19,-07:00,2026-05-02T21:26:19-07:00,0,10
style.css,218,css,05a9d1f0,Tijil Chhabra,2026-05-02,21:26:19,-07:00,2026-05-02T21:26:19-07:00,0,7
style.css,219,css,05a9d1f0,Tijil Chhabra,2026-05-02,21:26:19,-07:00,2026-05-02T21:26:19-07:00,1,12
style.css,220,css,05a9d1f0,Tijil Chhabra,2026-05-02,21:26:19,-07:00,2026-05-02T21:26:19-07:00,1,57
style.css,221,css,05a9d1f0,Tijil Chhabra,2026-05-02,21:26:19,-07:00,2026-05-02T21:26:19-07:00,1,21
style.css,222,css,05a9d1f0,Tijil Chhabra,2026-05-02,21:26:19,-07:00,2026-05-02T21:26:19-07:00,1,11
style.css,223,css,05a9d1f0,Tijil Chhabra,2026-05-02,21:26:19,-07:00,2026-05-02T21:26:19-07:00,1,8
style.css,224,css,05a9d1f0,Tijil Chhabra,2026-05-02,21:26:19,-07:00,2026-05-02T21:26:19-07:00,1,15
style.css,225,css,05a9d1f0,Tijil Chhabra,2026-05-02,21:26:19,-07:00,2026-05-02T21:26:19-07:00,1,7
style.css,226,css,05a9d1f0,Tijil Chhabra,2026-05-02,21:26:19,-07:00,2026-05-02T21:26:19-07:00,1,6
style.css,227,css,05a9d1f0,Tijil Chhabra,2026-05-02,21:26:19,-07:00,2026-05-02T21:26:19-07:00,0,0
style.css,228,css,05a9d1f0,Tijil Chhabra,2026-05-02,21:26:19,-07:00,2026-05-02T21:26:19-07:00,0,0
style.css,229,css,05a9d1f0,Tijil Chhabra,2026-05-02,21:26:19,-07:00,2026-05-02T21:26:19-07:00,0,12
style.css,230,css,05a9d1f0,Tijil Chhabra,2026-05-02,21:26:19,-07:00,2026-05-02T21:26:19-07:00,1,12
style.css,231,css,05a9d1f0,Tijil Chhabra,2026-05-02,21:26:19,-07:00,2026-05-02T21:26:19-07:00,1,18
style.css,232,css,05a9d1f0,Tijil Chhabra,2026-05-02,21:26:19,-07:00,2026-05-02T21:26:19-07:00,1,9
style.css,233,css,05a9d1f0,Tijil Chhabra,2026-05-02,21:26:19,-07:00,2026-05-02T21:26:19-07:00,0,0
style.css,234,css,05a9d1f0,Tijil Chhabra,2026-05-02,21:26:19,-07:00,2026-05-02T21:26:19-07:00,0,0
style.css,235,css,05a9d1f0,Tijil Chhabra,2026-05-02,21:26:19,-07:00,2026-05-02T21:26:19-07:00,0,7
style.css,236,css,05a9d1f0,Tijil Chhabra,2026-05-02,21:26:19,-07:00,2026-05-02T21:26:19-07:00,1,20
style.css,237,css,05a9d1f0,Tijil Chhabra,2026-05-02,21:26:19,-07:00,2026-05-02T21:26:19-07:00,1,11
style.css,238,css,05a9d1f0,Tijil Chhabra,2026-05-02,21:26:19,-07:00,2026-05-02T21:26:19-07:00,1,18
style.css,239,css,05a9d1f0,Tijil Chhabra,2026-05-02,21:26:19,-07:00,2026-05-02T21:26:19-07:00,1,29
style.css,240,css,05a9d1f0,Tijil Chhabra,2026-05-02,21:26:19,-07:00,2026-05-02T21:26:19-07:00,1,17
style.css,241,css,05a9d1f0,Tijil Chhabra,2026-05-02,21:26:19,-07:00,2026-05-02T21:26:19-07:00,1,13
style.css,242,css,05a9d1f0,Tijil Chhabra,2026-05-02,21:26:19,-07:00,2026-05-02T21:26:19-07:00,0,0
style.css,243,css,05a9d1f0,Tijil Chhabra,2026-05-02,21:26:19,-07:00,2026-05-02T21:26:19-07:00,0,0
style.css,244,css,05a9d1f0,Tijil Chhabra,2026-05-02,21:26:19,-07:00,2026-05-02T21:26:19-07:00,0,18
style.css,245,css,05a9d1f0,Tijil Chhabra,2026-05-02,21:26:19,-07:00,2026-05-02T21:26:19-07:00,0,9
style.css,246,css,05a9d1f0,Tijil Chhabra,2026-05-02,21:26:19,-07:00,2026-05-02T21:26:19-07:00,1,35
style.css,247,css,05a9d1f0,Tijil Chhabra,2026-05-02,21:26:19,-07:00,2026-05-02T21:26:19-07:00,0,0
style.css,248,css,05a9d1f0,Tijil Chhabra,2026-05-02,21:26:19,-07:00,2026-05-02T21:26:19-07:00,0,0
style.css,249,css,05a9d1f0,Tijil Chhabra,2026-05-02,21:26:19,-07:00,2026-05-02T21:26:19-07:00,0,13
style.css,250,css,05a9d1f0,Tijil Chhabra,2026-05-02,21:26:19,-07:00,2026-05-02T21:26:19-07:00,1,17
style.css,251,css,05a9d1f0,Tijil Chhabra,2026-05-02,21:26:19,-07:00,2026-05-02T21:26:19-07:00,0,0
style.css,252,css,05a9d1f0,Tijil Chhabra,2026-05-02,21:26:19,-07:00,2026-05-02T21:26:19-07:00,0,0
style.css,253,css,05a9d1f0,Tijil Chhabra,2026-05-02,21:26:19,-07:00,2026-05-02T21:26:19-07:00,0,11
style.css,254,css,05a9d1f0,Tijil Chhabra,2026-05-02,21:26:19,-07:00,2026-05-02T21:26:19-07:00,1,29
style.css,255,css,05a9d1f0,Tijil Chhabra,2026-05-02,21:26:19,-07:00,2026-05-02T21:26:19-07:00,0,0
resume.html,1,html,9b2edff,Tijil Chhabra,2026-04-04,19:10:07,-07:00,2026-04-04T19:10:07-07:00,0,13
resume.html,2,html,9b2edff,Tijil Chhabra,2026-04-04,19:10:07,-07:00,2026-04-04T19:10:07-07:00,0,14
resume.html,3,html,9b2edff,Tijil Chhabra,2026-04-04,19:10:07,-07:00,2026-04-04T19:10:07-07:00,1,4
resume.html,4,html,9b2edff,Tijil Chhabra,2026-04-04,19:10:07,-07:00,2026-04-04T19:10:07-07:00,2,22
resume.html,5,html,9b2edff,Tijil Chhabra,2026-04-04,19:10:07,-07:00,2026-04-04T19:10:07-07:00,2,70
resume.html,6,html,e5b8de30,Tijil Chhabra,2026-04-11,15:10:07,-07:00,2026-04-11T15:10:07-07:00,2,35
resume.html,7,html,95eba08d,Tijil Chhabra,2026-04-11,13:09:15,-07:00,2026-04-11T13:09:15-07:00,2,53
resume.html,8,html,c39759e7,Tijil Chhabra,2026-04-24,13:28:33,-07:00,2026-04-24T13:28:33-07:00,2,58
resume.html,9,html,9b2edff,Tijil Chhabra,2026-04-04,19:10:07,-07:00,2026-04-04T19:10:07-07:00,1,5
resume.html,10,html,9b2edff,Tijil Chhabra,2026-04-04,19:10:07,-07:00,2026-04-04T19:10:07-07:00,1,4
resume.html,11,html,9b2edff,Tijil Chhabra,2026-04-04,19:10:07,-07:00,2026-04-04T19:10:07-07:00,0,0
resume.html,12,html,c39759e7,Tijil Chhabra,2026-04-24,13:28:33,-07:00,2026-04-24T13:28:33-07:00,0,24
resume.html,13,html,e5b8de30,Tijil Chhabra,2026-04-11,15:10:07,-07:00,2026-04-11T15:10:07-07:00,3,20
resume.html,14,html,e5b8de30,Tijil Chhabra,2026-04-11,15:10:07,-07:00,2026-04-11T15:10:07-07:00,3,20
resume.html,15,html,e5b8de30,Tijil Chhabra,2026-04-11,15:10:07,-07:00,2026-04-11T15:10:07-07:00,4,29
resume.html,16,html,e5b8de30,Tijil Chhabra,2026-04-11,15:10:07,-07:00,2026-04-11T15:10:07-07:00,4,68
resume.html,17,html,e5b8de30,Tijil Chhabra,2026-04-11,15:10:07,-07:00,2026-04-11T15:10:07-07:00,4,109
resume.html,18,html,e5b8de30,Tijil Chhabra,2026-04-11,15:10:07,-07:00,2026-04-11T15:10:07-07:00,4,91
resume.html,19,html,9b2edff,Tijil Chhabra,2026-04-04,19:10:07,-07:00,2026-04-04T19:10:07-07:00,3,2
resume.html,20,html,e5b8de30,Tijil Chhabra,2026-04-11,15:10:07,-07:00,2026-04-11T15:10:07-07:00,2,7
resume.html,21,html,9b2edff,Tijil Chhabra,2026-04-04,19:10:07,-07:00,2026-04-04T19:10:07-07:00,0,0
resume.html,22,html,9b2edff,Tijil Chhabra,2026-04-04,19:10:07,-07:00,2026-04-04T19:10:07-07:00,2,7
resume.html,23,html,9b2edff,Tijil Chhabra,2026-04-04,19:10:07,-07:00,2026-04-04T19:10:07-07:00,3,16
resume.html,24,html,9b2edff,Tijil Chhabra,2026-04-04,19:10:07,-07:00,2026-04-04T19:10:07-07:00,3,7
resume.html,25,html,9b2edff,Tijil Chhabra,2026-04-04,19:10:07,-07:00,2026-04-04T19:10:07-07:00,4,6
resume.html,26,html,e5b8de30,Tijil Chhabra,2026-04-11,15:10:07,-07:00,2026-04-11T15:10:07-07:00,5,18
resume.html,27,html,e5b8de30,Tijil Chhabra,2026-04-11,15:10:07,-07:00,2026-04-11T15:10:07-07:00,6,51
resume.html,28,html,e5b8de30,Tijil Chhabra,2026-04-11,15:10:07,-07:00,2026-04-11T15:10:07-07:00,6,37
resume.html,29,html,e5b8de30,Tijil Chhabra,2026-04-11,15:10:07,-07:00,2026-04-11T15:10:07-07:00,5,4
resume.html,30,html,e5b8de30,Tijil Chhabra,2026-04-11,15:10:07,-07:00,2026-04-11T15:10:07-07:00,5,18
resume.html,31,html,e5b8de30,Tijil Chhabra,2026-04-11,15:10:07,-07:00,2026-04-11T15:10:07-07:00,6,31
resume.html,32,html,e5b8de30,Tijil Chhabra,2026-04-11,15:10:07,-07:00,2026-04-11T15:10:07-07:00,5,4
resume.html,33,html,9b2edff,Tijil Chhabra,2026-04-04,19:10:07,-07:00,2026-04-04T19:10:07-07:00,4,7
resume.html,34,html,e5b8de30,Tijil Chhabra,2026-04-11,15:10:07,-07:00,2026-04-11T15:10:07-07:00,4,2
resume.html,35,html,e5b8de30,Tijil Chhabra,2026-04-11,15:10:07,-07:00,2026-04-11T15:10:07-07:00,5,254
resume.html,36,html,e5b8de30,Tijil Chhabra,2026-04-11,15:10:07,-07:00,2026-04-11T15:10:07-07:00,4,3
resume.html,37,html,9b2edff,Tijil Chhabra,2026-04-04,19:10:07,-07:00,2026-04-04T19:10:07-07:00,3,8
resume.html,38,html,e5b8de30,Tijil Chhabra,2026-04-11,15:10:07,-07:00,2026-04-11T15:10:07-07:00,2,8
resume.html,39,html,e5b8de30,Tijil Chhabra,2026-04-11,15:10:07,-07:00,2026-04-11T15:10:07-07:00,0,0
resume.html,40,html,e5b8de30,Tijil Chhabra,2026-04-11,15:10:07,-07:00,2026-04-11T15:10:07-07:00,2,7
resume.html,41,html,e5b8de30,Tijil Chhabra,2026-04-11,15:10:07,-07:00,2026-04-11T15:10:07-07:00,3,30
resume.html,42,html,9b2edff,Tijil Chhabra,2026-04-04,19:10:07,-07:00,2026-04-04T19:10:07-07:00,0,0
resume.html,43,html,9b2edff,Tijil Chhabra,2026-04-04,19:10:07,-07:00,2026-04-04T19:10:07-07:00,3,7
resume.html,44,html,9b2edff,Tijil Chhabra,2026-04-04,19:10:07,-07:00,2026-04-04T19:10:07-07:00,4,6
resume.html,45,html,e5b8de30,Tijil Chhabra,2026-04-11,15:10:07,-07:00,2026-04-11T15:10:07-07:00,5,18
resume.html,46,html,e5b8de30,Tijil Chhabra,2026-04-11,15:10:07,-07:00,2026-04-11T15:10:07-07:00,6,56
resume.html,47,html,e5b8de30,Tijil Chhabra,2026-04-11,15:10:07,-07:00,2026-04-11T15:10:07-07:00,6,33
resume.html,48,html,e5b8de30,Tijil Chhabra,2026-04-11,15:10:07,-07:00,2026-04-11T15:10:07-07:00,5,4
resume.html,49,html,e5b8de30,Tijil Chhabra,2026-04-11,15:10:07,-07:00,2026-04-11T15:10:07-07:00,5,18
resume.html,50,html,e5b8de30,Tijil Chhabra,2026-04-11,15:10:07,-07:00,2026-04-11T15:10:07-07:00,6,25
resume.html,51,html,e5b8de30,Tijil Chhabra,2026-04-11,15:10:07,-07:00,2026-04-11T15:10:07-07:00,6,53
resume.html,52,html,e5b8de30,Tijil Chhabra,2026-04-11,15:10:07,-07:00,2026-04-11T15:10:07-07:00,5,4
resume.html,53,html,9b2edff,Tijil Chhabra,2026-04-04,19:10:07,-07:00,2026-04-04T19:10:07-07:00,4,7
resume.html,54,html,e5b8de30,Tijil Chhabra,2026-04-11,15:10:07,-07:00,2026-04-11T15:10:07-07:00,4,2
resume.html,55,html,e5b8de30,Tijil Chhabra,2026-04-11,15:10:07,-07:00,2026-04-11T15:10:07-07:00,5,128
resume.html,56,html,e5b8de30,Tijil Chhabra,2026-04-11,15:10:07,-07:00,2026-04-11T15:10:07-07:00,5,114
resume.html,57,html,e5b8de30,Tijil Chhabra,2026-04-11,15:10:07,-07:00,2026-04-11T15:10:07-07:00,5,103
resume.html,58,html,e5b8de30,Tijil Chhabra,2026-04-11,15:10:07,-07:00,2026-04-11T15:10:07-07:00,5,100
resume.html,59,html,e5b8de30,Tijil Chhabra,2026-04-11,15:10:07,-07:00,2026-04-11T15:10:07-07:00,4,3
resume.html,60,html,9b2edff,Tijil Chhabra,2026-04-04,19:10:07,-07:00,2026-04-04T19:10:07-07:00,3,8
resume.html,61,html,9b2edff,Tijil Chhabra,2026-04-04,19:10:07,-07:00,2026-04-04T19:10:07-07:00,0,0
resume.html,62,html,e5b8de30,Tijil Chhabra,2026-04-11,15:10:07,-07:00,2026-04-11T15:10:07-07:00,3,7
resume.html,63,html,e5b8de30,Tijil Chhabra,2026-04-11,15:10:07,-07:00,2026-04-11T15:10:07-07:00,4,6
resume.html,64,html,e5b8de30,Tijil Chhabra,2026-04-11,15:10:07,-07:00,2026-04-11T15:10:07-07:00,5,18
resume.html,65,html,e5b8de30,Tijil Chhabra,2026-04-11,15:10:07,-07:00,2026-04-11T15:10:07-07:00,6,22
resume.html,66,html,e5b8de30,Tijil Chhabra,2026-04-11,15:10:07,-07:00,2026-04-11T15:10:07-07:00,6,37
resume.html,67,html,e5b8de30,Tijil Chhabra,2026-04-11,15:10:07,-07:00,2026-04-11T15:10:07-07:00,5,4
resume.html,68,html,e5b8de30,Tijil Chhabra,2026-04-11,15:10:07,-07:00,2026-04-11T15:10:07-07:00,5,18
resume.html,69,html,e5b8de30,Tijil Chhabra,2026-04-11,15:10:07,-07:00,2026-04-11T15:10:07-07:00,6,26
resume.html,70,html,e5b8de30,Tijil Chhabra,2026-04-11,15:10:07,-07:00,2026-04-11T15:10:07-07:00,6,31
resume.html,71,html,e5b8de30,Tijil Chhabra,2026-04-11,15:10:07,-07:00,2026-04-11T15:10:07-07:00,5,4
resume.html,72,html,e5b8de30,Tijil Chhabra,2026-04-11,15:10:07,-07:00,2026-04-11T15:10:07-07:00,4,7
resume.html,73,html,e5b8de30,Tijil Chhabra,2026-04-11,15:10:07,-07:00,2026-04-11T15:10:07-07:00,4,2
resume.html,74,html,e5b8de30,Tijil Chhabra,2026-04-11,15:10:07,-07:00,2026-04-11T15:10:07-07:00,5,98
resume.html,75,html,e5b8de30,Tijil Chhabra,2026-04-11,15:10:07,-07:00,2026-04-11T15:10:07-07:00,5,175
resume.html,76,html,e5b8de30,Tijil Chhabra,2026-04-11,15:10:07,-07:00,2026-04-11T15:10:07-07:00,5,233
resume.html,77,html,e5b8de30,Tijil Chhabra,2026-04-11,15:10:07,-07:00,2026-04-11T15:10:07-07:00,5,162
resume.html,78,html,e5b8de30,Tijil Chhabra,2026-04-11,15:10:07,-07:00,2026-04-11T15:10:07-07:00,4,3
resume.html,79,html,e5b8de30,Tijil Chhabra,2026-04-11,15:10:07,-07:00,2026-04-11T15:10:07-07:00,3,8
resume.html,80,html,9b2edff,Tijil Chhabra,2026-04-04,19:10:07,-07:00,2026-04-04T19:10:07-07:00,0,0
resume.html,81,html,9b2edff,Tijil Chhabra,2026-04-04,19:10:07,-07:00,2026-04-04T19:10:07-07:00,3,7
resume.html,82,html,9b2edff,Tijil Chhabra,2026-04-04,19:10:07,-07:00,2026-04-04T19:10:07-07:00,4,6
resume.html,83,html,e5b8de30,Tijil Chhabra,2026-04-11,15:10:07,-07:00,2026-04-11T15:10:07-07:00,5,18
resume.html,84,html,e5b8de30,Tijil Chhabra,2026-04-11,15:10:07,-07:00,2026-04-11T15:10:07-07:00,6,23
resume.html,85,html,e5b8de30,Tijil Chhabra,2026-04-11,15:10:07,-07:00,2026-04-11T15:10:07-07:00,6,37
resume.html,86,html,e5b8de30,Tijil Chhabra,2026-04-11,15:10:07,-07:00,2026-04-11T15:10:07-07:00,5,4
resume.html,87,html,e5b8de30,Tijil Chhabra,2026-04-11,15:10:07,-07:00,2026-04-11T15:10:07-07:00,5,18
resume.html,88,html,e5b8de30,Tijil Chhabra,2026-04-11,15:10:07,-07:00,2026-04-11T15:10:07-07:00,6,28
resume.html,89,html,e5b8de30,Tijil Chhabra,2026-04-11,15:10:07,-07:00,2026-04-11T15:10:07-07:00,6,17
resume.html,90,html,e5b8de30,Tijil Chhabra,2026-04-11,15:10:07,-07:00,2026-04-11T15:10:07-07:00,5,4
resume.html,91,html,9b2edff,Tijil Chhabra,2026-04-04,19:10:07,-07:00,2026-04-04T19:10:07-07:00,4,7
resume.html,92,html,9b2edff,Tijil Chhabra,2026-04-04,19:10:07,-07:00,2026-04-04T19:10:07-07:00,4,2
resume.html,93,html,e5b8de30,Tijil Chhabra,2026-04-11,15:10:07,-07:00,2026-04-11T15:10:07-07:00,5,145
resume.html,94,html,e5b8de30,Tijil Chhabra,2026-04-11,15:10:07,-07:00,2026-04-11T15:10:07-07:00,5,179
resume.html,95,html,e5b8de30,Tijil Chhabra,2026-04-11,15:10:07,-07:00,2026-04-11T15:10:07-07:00,5,95
resume.html,96,html,e5b8de30,Tijil Chhabra,2026-04-11,15:10:07,-07:00,2026-04-11T15:10:07-07:00,5,201
resume.html,97,html,e5b8de30,Tijil Chhabra,2026-04-11,15:10:07,-07:00,2026-04-11T15:10:07-07:00,5,140
resume.html,98,html,9b2edff,Tijil Chhabra,2026-04-04,19:10:07,-07:00,2026-04-04T19:10:07-07:00,4,3
resume.html,99,html,9b2edff,Tijil Chhabra,2026-04-04,19:10:07,-07:00,2026-04-04T19:10:07-07:00,3,8
resume.html,100,html,e5b8de30,Tijil Chhabra,2026-04-11,15:10:07,-07:00,2026-04-11T15:10:07-07:00,2,8
resume.html,101,html,e5b8de30,Tijil Chhabra,2026-04-11,15:10:07,-07:00,2026-04-11T15:10:07-07:00,0,0
resume.html,102,html,e5b8de30,Tijil Chhabra,2026-04-11,15:10:07,-07:00,2026-04-11T15:10:07-07:00,2,7
resume.html,103,html,e5b8de30,Tijil Chhabra,2026-04-11,15:10:07,-07:00,2026-04-11T15:10:07-07:00,3,40
resume.html,104,html,9b2edff,Tijil Chhabra,2026-04-04,19:10:07,-07:00,2026-04-04T19:10:07-07:00,0,0
resume.html,105,html,9b2edff,Tijil Chhabra,2026-04-04,19:10:07,-07:00,2026-04-04T19:10:07-07:00,3,7
resume.html,106,html,9b2edff,Tijil Chhabra,2026-04-04,19:10:07,-07:00,2026-04-04T19:10:07-07:00,4,6
resume.html,107,html,e5b8de30,Tijil Chhabra,2026-04-11,15:10:07,-07:00,2026-04-11T15:10:07-07:00,5,18
resume.html,108,html,e5b8de30,Tijil Chhabra,2026-04-11,15:10:07,-07:00,2026-04-11T15:10:07-07:00,6,26
resume.html,109,html,e5b8de30,Tijil Chhabra,2026-04-11,15:10:07,-07:00,2026-04-11T15:10:07-07:00,5,4
resume.html,110,html,9b2edff,Tijil Chhabra,2026-04-04,19:10:07,-07:00,2026-04-04T19:10:07-07:00,4,7
resume.html,111,html,9b2edff,Tijil Chhabra,2026-04-04,19:10:07,-07:00,2026-04-04T19:10:07-07:00,4,2
resume.html,112,html,e5b8de30,Tijil Chhabra,2026-04-11,15:10:07,-07:00,2026-04-11T15:10:07-07:00,5,159
resume.html,113,html,e5b8de30,Tijil Chhabra,2026-04-11,15:10:07,-07:00,2026-04-11T15:10:07-07:00,5,155
resume.html,114,html,e5b8de30,Tijil Chhabra,2026-04-11,15:10:07,-07:00,2026-04-11T15:10:07-07:00,5,142
resume.html,115,html,e5b8de30,Tijil Chhabra,2026-04-11,15:10:07,-07:00,2026-04-11T15:10:07-07:00,5,140
resume.html,116,html,e5b8de30,Tijil Chhabra,2026-04-11,15:10:07,-07:00,2026-04-11T15:10:07-07:00,5,124
resume.html,117,html,9b2edff,Tijil Chhabra,2026-04-04,19:10:07,-07:00,2026-04-04T19:10:07-07:00,4,3
resume.html,118,html,9b2edff,Tijil Chhabra,2026-04-04,19:10:07,-07:00,2026-04-04T19:10:07-07:00,3,8
resume.html,119,html,9b2edff,Tijil Chhabra,2026-04-04,19:10:07,-07:00,2026-04-04T19:10:07-07:00,0,0
resume.html,120,html,9b2edff,Tijil Chhabra,2026-04-04,19:10:07,-07:00,2026-04-04T19:10:07-07:00,3,7
resume.html,121,html,9b2edff,Tijil Chhabra,2026-04-04,19:10:07,-07:00,2026-04-04T19:10:07-07:00,4,6
resume.html,122,html,e5b8de30,Tijil Chhabra,2026-04-11,15:10:07,-07:00,2026-04-11T15:10:07-07:00,5,18
resume.html,123,html,e5b8de30,Tijil Chhabra,2026-04-11,15:10:07,-07:00,2026-04-11T15:10:07-07:00,6,51
resume.html,124,html,e5b8de30,Tijil Chhabra,2026-04-11,15:10:07,-07:00,2026-04-11T15:10:07-07:00,5,4
resume.html,125,html,9b2edff,Tijil Chhabra,2026-04-04,19:10:07,-07:00,2026-04-04T19:10:07-07:00,4,7
resume.html,126,html,9b2edff,Tijil Chhabra,2026-04-04,19:10:07,-07:00,2026-04-04T19:10:07-07:00,4,2
resume.html,127,html,e5b8de30,Tijil Chhabra,2026-04-11,15:10:07,-07:00,2026-04-11T15:10:07-07:00,5,110
resume.html,128,html,e5b8de30,Tijil Chhabra,2026-04-11,15:10:07,-07:00,2026-04-11T15:10:07-07:00,5,238
resume.html,129,html,9b2edff,Tijil Chhabra,2026-04-04,19:10:07,-07:00,2026-04-04T19:10:07-07:00,4,3
resume.html,130,html,9b2edff,Tijil Chhabra,2026-04-04,19:10:07,-07:00,2026-04-04T19:10:07-07:00,3,8
resume.html,131,html,9b2edff,Tijil Chhabra,2026-04-04,19:10:07,-07:00,2026-04-04T19:10:07-07:00,2,8
resume.html,132,html,9b2edff,Tijil Chhabra,2026-04-04,19:10:07,-07:00,2026-04-04T19:10:07-07:00,0,0
resume.html,133,html,9b2edff,Tijil Chhabra,2026-04-04,19:10:07,-07:00,2026-04-04T19:10:07-07:00,2,7
resume.html,134,html,9b2edff,Tijil Chhabra,2026-04-04,19:10:07,-07:00,2026-04-04T19:10:07-07:00,3,13
resume.html,135,html,e5b8de30,Tijil Chhabra,2026-04-11,15:10:07,-07:00,2026-04-11T15:10:07-07:00,3,265
resume.html,136,html,9b2edff,Tijil Chhabra,2026-04-04,19:10:07,-07:00,2026-04-04T19:10:07-07:00,2,8
resume.html,137,html,9b2edff,Tijil Chhabra,2026-04-04,19:10:07,-07:00,2026-04-04T19:10:07-07:00,1,5
resume.html,138,html,9b2edff,Tijil Chhabra,2026-04-04,19:10:07,-07:00,2026-04-04T19:10:07-07:00,0,5
index.js,1,js,11be2719,Tijil Chhabra,2026-04-25,22:06:22,-07:00,2026-04-25T22:06:22-07:00,0,82
index.js,2,js,b3b558ae,Tijil Chhabra,2026-04-25,21:57:02,-07:00,2026-04-25T21:57:02-07:00,0,0
index.js,3,js,11be2719,Tijil Chhabra,2026-04-25,22:06:22,-07:00,2026-04-25T22:06:22-07:00,0,65
index.js,4,js,b3b558ae,Tijil Chhabra,2026-04-25,21:57:02,-07:00,2026-04-25T21:57:02-07:00,0,42
index.js,5,js,b3b558ae,Tijil Chhabra,2026-04-25,21:57:02,-07:00,2026-04-25T21:57:02-07:00,0,60
index.js,6,js,b3b558ae,Tijil Chhabra,2026-04-25,21:57:02,-07:00,2026-04-25T21:57:02-07:00,0,54
index.js,7,js,b3b558ae,Tijil Chhabra,2026-04-25,21:57:02,-07:00,2026-04-25T21:57:02-07:00,0,0
index.js,8,js,b3b558ae,Tijil Chhabra,2026-04-25,21:57:02,-07:00,2026-04-25T21:57:02-07:00,0,59
index.js,9,js,b3b558ae,Tijil Chhabra,2026-04-25,21:57:02,-07:00,2026-04-25T21:57:02-07:00,0,60
index.js,10,js,b3b558ae,Tijil Chhabra,2026-04-25,21:57:02,-07:00,2026-04-25T21:57:02-07:00,0,17
index.js,11,js,b3b558ae,Tijil Chhabra,2026-04-25,21:57:02,-07:00,2026-04-25T21:57:02-07:00,2,24
index.js,12,js,b3b558ae,Tijil Chhabra,2026-04-25,21:57:02,-07:00,2026-04-25T21:57:02-07:00,4,2
index.js,13,js,b3b558ae,Tijil Chhabra,2026-04-25,21:57:02,-07:00,2026-04-25T21:57:02-07:00,6,54
index.js,14,js,b3b558ae,Tijil Chhabra,2026-04-25,21:57:02,-07:00,2026-04-25T21:57:02-07:00,6,54
index.js,15,js,b3b558ae,Tijil Chhabra,2026-04-25,21:57:02,-07:00,2026-04-25T21:57:02-07:00,6,48
index.js,16,js,b3b558ae,Tijil Chhabra,2026-04-25,21:57:02,-07:00,2026-04-25T21:57:02-07:00,6,48
index.js,17,js,b3b558ae,Tijil Chhabra,2026-04-25,21:57:02,-07:00,2026-04-25T21:57:02-07:00,4,3
index.js,18,js,b3b558ae,Tijil Chhabra,2026-04-25,21:57:02,-07:00,2026-04-25T21:57:02-07:00,2,0
index.js,19,js,b3b558ae,Tijil Chhabra,2026-04-25,21:57:02,-07:00,2026-04-25T21:57:02-07:00,0,0
index.html,1,html,9b2edff,Tijil Chhabra,2026-04-04,19:10:07,-07:00,2026-04-04T19:10:07-07:00,0,13
index.html,2,html,9b2edff,Tijil Chhabra,2026-04-04,19:10:07,-07:00,2026-04-04T19:10:07-07:00,0,14
index.html,3,html,9b2edff,Tijil Chhabra,2026-04-04,19:10:07,-07:00,2026-04-04T19:10:07-07:00,1,4
index.html,4,html,9b2edff,Tijil Chhabra,2026-04-04,19:10:07,-07:00,2026-04-04T19:10:07-07:00,2,22
index.html,5,html,9b2edff,Tijil Chhabra,2026-04-04,19:10:07,-07:00,2026-04-04T19:10:07-07:00,2,70
index.html,6,html,9b2edff,Tijil Chhabra,2026-04-04,19:10:07,-07:00,2026-04-04T19:10:07-07:00,2,55
index.html,7,html,95eba08d,Tijil Chhabra,2026-04-11,13:09:15,-07:00,2026-04-11T13:09:15-07:00,2,53
index.html,8,html,c39759e7,Tijil Chhabra,2026-04-24,13:28:33,-07:00,2026-04-24T13:28:33-07:00,2,58
index.html,9,html,b3b558ae,Tijil Chhabra,2026-04-25,21:57:02,-07:00,2026-04-25T21:57:02-07:00,2,57
index.html,10,html,9b2edff,Tijil Chhabra,2026-04-04,19:10:07,-07:00,2026-04-04T19:10:07-07:00,1,5
index.html,11,html,9b2edff,Tijil Chhabra,2026-04-04,19:10:07,-07:00,2026-04-04T19:10:07-07:00,1,4
index.html,12,html,b3b558ae,Tijil Chhabra,2026-04-25,21:57:02,-07:00,2026-04-25T21:57:02-07:00,2,20
index.html,13,html,9b2edff,Tijil Chhabra,2026-04-04,19:10:07,-07:00,2026-04-04T19:10:07-07:00,2,1
index.html,14,html,9b2edff,Tijil Chhabra,2026-04-04,19:10:07,-07:00,2026-04-04T19:10:07-07:00,3,72
index.html,15,html,9b2edff,Tijil Chhabra,2026-04-04,19:10:07,-07:00,2026-04-04T19:10:07-07:00,3,69
index.html,16,html,9b2edff,Tijil Chhabra,2026-04-04,19:10:07,-07:00,2026-04-04T19:10:07-07:00,2,2
index.html,17,html,9b2edff,Tijil Chhabra,2026-04-04,19:10:07,-07:00,2026-04-04T19:10:07-07:00,2,2
index.html,18,html,95eba08d,Tijil Chhabra,2026-04-11,13:09:15,-07:00,2026-04-11T13:09:15-07:00,3,36
index.html,19,html,9b2edff,Tijil Chhabra,2026-04-04,19:10:07,-07:00,2026-04-04T19:10:07-07:00,3,47
index.html,20,html,9b2edff,Tijil Chhabra,2026-04-04,19:10:07,-07:00,2026-04-04T19:10:07-07:00,2,0
index.html,21,html,b3b558ae,Tijil Chhabra,2026-04-25,21:57:02,-07:00,2026-04-25T21:57:02-07:00,2,28
index.html,22,html,b3b558ae,Tijil Chhabra,2026-04-25,21:57:02,-07:00,2026-04-25T21:57:02-07:00,2,22
index.html,23,html,b3b558ae,Tijil Chhabra,2026-04-25,21:57:02,-07:00,2026-04-25T21:57:02-07:00,2,26
index.html,24,html,9b2edff,Tijil Chhabra,2026-04-04,19:10:07,-07:00,2026-04-04T19:10:07-07:00,1,5
index.html,25,html,9b2edff,Tijil Chhabra,2026-04-04,19:10:07,-07:00,2026-04-04T19:10:07-07:00,0,5
global.js,1,js,c39759e7,Tijil Chhabra,2026-04-24,13:28:33,-07:00,2026-04-24T13:28:33-07:00,0,25
global.js,2,js,c39759e7,Tijil Chhabra,2026-04-24,13:28:33,-07:00,2026-04-24T13:28:33-07:00,0,0
global.js,3,js,c39759e7,Tijil Chhabra,2026-04-24,13:28:33,-07:00,2026-04-24T13:28:33-07:00,0,41
global.js,4,js,c39759e7,Tijil Chhabra,2026-04-24,13:28:33,-07:00,2026-04-24T13:28:33-07:00,2,52
global.js,5,js,c39759e7,Tijil Chhabra,2026-04-24,13:28:33,-07:00,2026-04-24T13:28:33-07:00,0,0
global.js,6,js,c39759e7,Tijil Chhabra,2026-04-24,13:28:33,-07:00,2026-04-24T13:28:33-07:00,0,0
global.js,7,js,b3b558ae,Tijil Chhabra,2026-04-25,21:57:02,-07:00,2026-04-25T21:57:02-07:00,0,36
global.js,8,js,b3b558ae,Tijil Chhabra,2026-04-25,21:57:02,-07:00,2026-04-25T21:57:02-07:00,2,3
global.js,9,js,b3b558ae,Tijil Chhabra,2026-04-25,21:57:02,-07:00,2026-04-25T21:57:02-07:00,4,32
global.js,10,js,b3b558ae,Tijil Chhabra,2026-04-25,21:57:02,-07:00,2026-04-25T21:57:02-07:00,4,17
global.js,11,js,b3b558ae,Tijil Chhabra,2026-04-25,21:57:02,-07:00,2026-04-25T21:57:02-07:00,6,57
global.js,12,js,b3b558ae,Tijil Chhabra,2026-04-25,21:57:02,-07:00,2026-04-25T21:57:02-07:00,4,0
global.js,13,js,b3b558ae,Tijil Chhabra,2026-04-25,21:57:02,-07:00,2026-04-25T21:57:02-07:00,4,27
global.js,14,js,b3b558ae,Tijil Chhabra,2026-04-25,21:57:02,-07:00,2026-04-25T21:57:02-07:00,2,15
global.js,15,js,b3b558ae,Tijil Chhabra,2026-04-25,21:57:02,-07:00,2026-04-25T21:57:02-07:00,4,59
global.js,16,js,b3b558ae,Tijil Chhabra,2026-04-25,21:57:02,-07:00,2026-04-25T21:57:02-07:00,2,0
global.js,17,js,b3b558ae,Tijil Chhabra,2026-04-25,21:57:02,-07:00,2026-04-25T21:57:02-07:00,0,0
global.js,18,js,b3b558ae,Tijil Chhabra,2026-04-25,21:57:02,-07:00,2026-04-25T21:57:02-07:00,0,0
global.js,19,js,b3b558ae,Tijil Chhabra,2026-04-25,21:57:02,-07:00,2026-04-25T21:57:02-07:00,0,79
global.js,20,js,b3b558ae,Tijil Chhabra,2026-04-25,21:57:02,-07:00,2026-04-25T21:57:02-07:00,2,30
global.js,21,js,b3b558ae,Tijil Chhabra,2026-04-25,21:57:02,-07:00,2026-04-25T21:57:02-07:00,2,31
global.js,22,js,b3b558ae,Tijil Chhabra,2026-04-25,21:57:02,-07:00,2026-04-25T21:57:02-07:00,4,48
global.js,23,js,b3b558ae,Tijil Chhabra,2026-04-25,21:57:02,-07:00,2026-04-25T21:57:02-07:00,4,19
global.js,24,js,b3b558ae,Tijil Chhabra,2026-04-25,21:57:02,-07:00,2026-04-25T21:57:02-07:00,6,49
global.js,25,js,b3b558ae,Tijil Chhabra,2026-04-25,21:57:02,-07:00,2026-04-25T21:57:02-07:00,6,49
global.js,26,js,b3b558ae,Tijil Chhabra,2026-04-25,21:57:02,-07:00,2026-04-25T21:57:02-07:00,6,27
global.js,27,js,05a9d1f0,Tijil Chhabra,2026-05-02,21:26:19,-07:00,2026-05-02T21:26:19-07:00,6,41
global.js,28,js,b3b558ae,Tijil Chhabra,2026-04-25,21:57:02,-07:00,2026-04-25T21:57:02-07:00,4,0
global.js,29,js,b3b558ae,Tijil Chhabra,2026-04-25,21:57:02,-07:00,2026-04-25T21:57:02-07:00,4,36
global.js,30,js,b3b558ae,Tijil Chhabra,2026-04-25,21:57:02,-07:00,2026-04-25T21:57:02-07:00,2,0
global.js,31,js,b3b558ae,Tijil Chhabra,2026-04-25,21:57:02,-07:00,2026-04-25T21:57:02-07:00,0,0
global.js,32,js,b3b558ae,Tijil Chhabra,2026-04-25,21:57:02,-07:00,2026-04-25T21:57:02-07:00,0,0
global.js,33,js,b3b558ae,Tijil Chhabra,2026-04-25,21:57:02,-07:00,2026-04-25T21:57:02-07:00,0,47
global.js,34,js,b3b558ae,Tijil Chhabra,2026-04-25,21:57:02,-07:00,2026-04-25T21:57:02-07:00,2,59
global.js,35,js,b3b558ae,Tijil Chhabra,2026-04-25,21:57:02,-07:00,2026-04-25T21:57:02-07:00,0,0
global.js,36,js,b3b558ae,Tijil Chhabra,2026-04-25,21:57:02,-07:00,2026-04-25T21:57:02-07:00,0,0
global.js,37,js,c39759e7,Tijil Chhabra,2026-04-24,13:28:33,-07:00,2026-04-24T13:28:33-07:00,0,27
global.js,38,js,11be2719,Tijil Chhabra,2026-04-25,22:06:22,-07:00,2026-04-25T22:06:22-07:00,0,95
global.js,39,js,11be2719,Tijil Chhabra,2026-04-25,22:06:22,-07:00,2026-04-25T22:06:22-07:00,2,14
global.js,40,js,c39759e7,Tijil Chhabra,2026-04-24,13:28:33,-07:00,2026-04-24T13:28:33-07:00,2,15
global.js,41,js,c39759e7,Tijil Chhabra,2026-04-24,13:28:33,-07:00,2026-04-24T13:28:33-07:00,0,0
global.js,42,js,c39759e7,Tijil Chhabra,2026-04-24,13:28:33,-07:00,2026-04-24T13:28:33-07:00,0,13
global.js,43,js,c39759e7,Tijil Chhabra,2026-04-24,13:28:33,-07:00,2026-04-24T13:28:33-07:00,2,35
global.js,44,js,c39759e7,Tijil Chhabra,2026-04-24,13:28:33,-07:00,2026-04-24T13:28:33-07:00,2,48
global.js,45,js,c39759e7,Tijil Chhabra,2026-04-24,13:28:33,-07:00,2026-04-24T13:28:33-07:00,2,46
global.js,46,js,c39759e7,Tijil Chhabra,2026-04-24,13:28:33,-07:00,2026-04-24T13:28:33-07:00,2,38
global.js,47,js,00000000,Not Committed Yet,2026-05-09,17:52:30,-07:00,2026-05-09T17:52:30-07:00,2,40
global.js,48,js,c39759e7,Tijil Chhabra,2026-04-24,13:28:33,-07:00,2026-04-24T13:28:33-07:00,2,62
global.js,49,js,c39759e7,Tijil Chhabra,2026-04-24,13:28:33,-07:00,2026-04-24T13:28:33-07:00,0,0
global.js,50,js,c39759e7,Tijil Chhabra,2026-04-24,13:28:33,-07:00,2026-04-24T13:28:33-07:00,0,0
global.js,51,js,c39759e7,Tijil Chhabra,2026-04-24,13:28:33,-07:00,2026-04-24T13:28:33-07:00,0,40
global.js,52,js,c39759e7,Tijil Chhabra,2026-04-24,13:28:33,-07:00,2026-04-24T13:28:33-07:00,0,25
global.js,53,js,c39759e7,Tijil Chhabra,2026-04-24,13:28:33,-07:00,2026-04-24T13:28:33-07:00,0,0
global.js,54,js,c39759e7,Tijil Chhabra,2026-04-24,13:28:33,-07:00,2026-04-24T13:28:33-07:00,0,25
global.js,55,js,c39759e7,Tijil Chhabra,2026-04-24,13:28:33,-07:00,2026-04-24T13:28:33-07:00,2,36
global.js,56,js,c39759e7,Tijil Chhabra,2026-04-24,13:28:33,-07:00,2026-04-24T13:28:33-07:00,2,45
global.js,57,js,c39759e7,Tijil Chhabra,2026-04-24,13:28:33,-07:00,2026-04-24T13:28:33-07:00,2,58
global.js,58,js,c39759e7,Tijil Chhabra,2026-04-24,13:28:33,-07:00,2026-04-24T13:28:33-07:00,2,25
global.js,59,js,c39759e7,Tijil Chhabra,2026-04-24,13:28:33,-07:00,2026-04-24T13:28:33-07:00,0,0
global.js,60,js,c39759e7,Tijil Chhabra,2026-04-24,13:28:33,-07:00,2026-04-24T13:28:33-07:00,2,15
global.js,61,js,c39759e7,Tijil Chhabra,2026-04-24,13:28:33,-07:00,2026-04-24T13:28:33-07:00,4,18
global.js,62,js,c39759e7,Tijil Chhabra,2026-04-24,13:28:33,-07:00,2026-04-24T13:28:33-07:00,2,0
global.js,63,js,c39759e7,Tijil Chhabra,2026-04-24,13:28:33,-07:00,2026-04-24T13:28:33-07:00,0,0
global.js,64,js,c39759e7,Tijil Chhabra,2026-04-24,13:28:33,-07:00,2026-04-24T13:28:33-07:00,2,65
global.js,65,js,c39759e7,Tijil Chhabra,2026-04-24,13:28:33,-07:00,2026-04-24T13:28:33-07:00,4,25
global.js,66,js,c39759e7,Tijil Chhabra,2026-04-24,13:28:33,-07:00,2026-04-24T13:28:33-07:00,2,0
global.js,67,js,c39759e7,Tijil Chhabra,2026-04-24,13:28:33,-07:00,2026-04-24T13:28:33-07:00,0,0
global.js,68,js,c39759e7,Tijil Chhabra,2026-04-24,13:28:33,-07:00,2026-04-24T13:28:33-07:00,2,12
global.js,69,js,c39759e7,Tijil Chhabra,2026-04-24,13:28:33,-07:00,2026-04-24T13:28:33-07:00,0,0
global.js,70,js,c39759e7,Tijil Chhabra,2026-04-24,13:28:33,-07:00,2026-04-24T13:28:33-07:00,0,0
global.js,71,js,c39759e7,Tijil Chhabra,2026-04-24,13:28:33,-07:00,2026-04-24T13:28:33-07:00,0,29
global.js,72,js,c39759e7,Tijil Chhabra,2026-04-24,13:28:33,-07:00,2026-04-24T13:28:33-07:00,0,44
global.js,73,js,c39759e7,Tijil Chhabra,2026-04-24,13:28:33,-07:00,2026-04-24T13:28:33-07:00,0,31
global.js,74,js,c39759e7,Tijil Chhabra,2026-04-24,13:28:33,-07:00,2026-04-24T13:28:33-07:00,0,35
global.js,75,js,c39759e7,Tijil Chhabra,2026-04-24,13:28:33,-07:00,2026-04-24T13:28:33-07:00,0,0
global.js,76,js,c39759e7,Tijil Chhabra,2026-04-24,13:28:33,-07:00,2026-04-24T13:28:33-07:00,0,46
global.js,77,js,c39759e7,Tijil Chhabra,2026-04-24,13:28:33,-07:00,2026-04-24T13:28:33-07:00,0,96
global.js,78,js,c39759e7,Tijil Chhabra,2026-04-24,13:28:33,-07:00,2026-04-24T13:28:33-07:00,2,46
global.js,79,js,c39759e7,Tijil Chhabra,2026-04-24,13:28:33,-07:00,2026-04-24T13:28:33-07:00,2,19
global.js,80,js,c39759e7,Tijil Chhabra,2026-04-24,13:28:33,-07:00,2026-04-24T13:28:33-07:00,2,24
global.js,81,js,c39759e7,Tijil Chhabra,2026-04-24,13:28:33,-07:00,2026-04-24T13:28:33-07:00,2,20
global.js,82,js,c39759e7,Tijil Chhabra,2026-04-24,13:28:33,-07:00,2026-04-24T13:28:33-07:00,0,0
global.js,83,js,c39759e7,Tijil Chhabra,2026-04-24,13:28:33,-07:00,2026-04-24T13:28:33-07:00,0,19
global.js,84,js,c39759e7,Tijil Chhabra,2026-04-24,13:28:33,-07:00,2026-04-24T13:28:33-07:00,0,26
global.js,85,js,c39759e7,Tijil Chhabra,2026-04-24,13:28:33,-07:00,2026-04-24T13:28:33-07:00,0,0
global.js,86,js,c39759e7,Tijil Chhabra,2026-04-24,13:28:33,-07:00,2026-04-24T13:28:33-07:00,0,42
global.js,87,js,c39759e7,Tijil Chhabra,2026-04-24,13:28:33,-07:00,2026-04-24T13:28:33-07:00,0,31
global.js,88,js,c39759e7,Tijil Chhabra,2026-04-24,13:28:33,-07:00,2026-04-24T13:28:33-07:00,2,65
global.js,89,js,c39759e7,Tijil Chhabra,2026-04-24,13:28:33,-07:00,2026-04-24T13:28:33-07:00,2,20
global.js,90,js,c39759e7,Tijil Chhabra,2026-04-24,13:28:33,-07:00,2026-04-24T13:28:33-07:00,0,0
global.js,91,js,c39759e7,Tijil Chhabra,2026-04-24,13:28:33,-07:00,2026-04-24T13:28:33-07:00,0,0
global.js,92,js,c39759e7,Tijil Chhabra,2026-04-24,13:28:33,-07:00,2026-04-24T13:28:33-07:00,0,39
global.js,93,js,c39759e7,Tijil Chhabra,2026-04-24,13:28:33,-07:00,2026-04-24T13:28:33-07:00,2,29
global.js,94,js,c39759e7,Tijil Chhabra,2026-04-24,13:28:33,-07:00,2026-04-24T13:28:33-07:00,2,50
global.js,95,js,c39759e7,Tijil Chhabra,2026-04-24,13:28:33,-07:00,2026-04-24T13:28:33-07:00,0,1
global.js,96,js,c39759e7,Tijil Chhabra,2026-04-24,13:28:33,-07:00,2026-04-24T13:28:33-07:00,0,0
global.js,97,js,c39759e7,Tijil Chhabra,2026-04-24,13:28:33,-07:00,2026-04-24T13:28:33-07:00,0,54
global.js,98,js,c39759e7,Tijil Chhabra,2026-04-24,13:28:33,-07:00,2026-04-24T13:28:33-07:00,0,16
global.js,99,js,c39759e7,Tijil Chhabra,2026-04-24,13:28:33,-07:00,2026-04-24T13:28:33-07:00,2,26
global.js,100,js,c39759e7,Tijil Chhabra,2026-04-24,13:28:33,-07:00,2026-04-24T13:28:33-07:00,0,0
global.js,101,js,c39759e7,Tijil Chhabra,2026-04-24,13:28:33,-07:00,2026-04-24T13:28:33-07:00,0,0
global.js,102,js,c39759e7,Tijil Chhabra,2026-04-24,13:28:33,-07:00,2026-04-24T13:28:33-07:00,0,34
global.js,103,js,c39759e7,Tijil Chhabra,2026-04-24,13:28:33,-07:00,2026-04-24T13:28:33-07:00,0,42
global.js,104,js,c39759e7,Tijil Chhabra,2026-04-24,13:28:33,-07:00,2026-04-24T13:28:33-07:00,0,9
global.js,105,js,c39759e7,Tijil Chhabra,2026-04-24,13:28:33,-07:00,2026-04-24T13:28:33-07:00,2,38
global.js,106,js,c39759e7,Tijil Chhabra,2026-04-24,13:28:33,-07:00,2026-04-24T13:28:33-07:00,4,17
global.js,107,js,c39759e7,Tijil Chhabra,2026-04-24,13:28:33,-07:00,2026-04-24T13:28:33-07:00,4,30
global.js,108,js,c39759e7,Tijil Chhabra,2026-04-24,13:28:33,-07:00,2026-04-24T13:28:33-07:00,4,16
global.js,109,js,c39759e7,Tijil Chhabra,2026-04-24,13:28:33,-07:00,2026-04-24T13:28:33-07:00,4,33
global.js,110,js,c39759e7,Tijil Chhabra,2026-04-24,13:28:33,-07:00,2026-04-24T13:28:33-07:00,6,70
global.js,111,js,c39759e7,Tijil Chhabra,2026-04-24,13:28:33,-07:00,2026-04-24T13:28:33-07:00,4,0
global.js,112,js,c39759e7,Tijil Chhabra,2026-04-24,13:28:33,-07:00,2026-04-24T13:28:33-07:00,4,51
global.js,113,js,c39759e7,Tijil Chhabra,2026-04-24,13:28:33,-07:00,2026-04-24T13:28:33-07:00,2,1
global.js,114,js,c39759e7,Tijil Chhabra,2026-04-24,13:28:33,-07:00,2026-04-24T13:28:33-07:00,0,0
projects/projects.js,1,js,11be2719,Tijil Chhabra,2026-04-25,22:06:22,-07:00,2026-04-25T22:06:22-07:00,0,66
projects/projects.js,2,js,05a9d1f0,Tijil Chhabra,2026-05-02,21:26:19,-07:00,2026-05-02T21:26:19-07:00,0,59
projects/projects.js,3,js,b3b558ae,Tijil Chhabra,2026-04-25,21:57:02,-07:00,2026-04-25T21:57:02-07:00,0,0
projects/projects.js,4,js,11be2719,Tijil Chhabra,2026-04-25,22:06:22,-07:00,2026-04-25T22:06:22-07:00,0,65
projects/projects.js,5,js,b3b558ae,Tijil Chhabra,2026-04-25,21:57:02,-07:00,2026-04-25T21:57:02-07:00,0,60
projects/projects.js,6,js,b3b558ae,Tijil Chhabra,2026-04-25,21:57:02,-07:00,2026-04-25T21:57:02-07:00,0,0
projects/projects.js,7,js,b3b558ae,Tijil Chhabra,2026-04-25,21:57:02,-07:00,2026-04-25T21:57:02-07:00,0,62
projects/projects.js,8,js,b3b558ae,Tijil Chhabra,2026-04-25,21:57:02,-07:00,2026-04-25T21:57:02-07:00,0,18
projects/projects.js,9,js,b3b558ae,Tijil Chhabra,2026-04-25,21:57:02,-07:00,2026-04-25T21:57:02-07:00,2,58
projects/projects.js,10,js,b3b558ae,Tijil Chhabra,2026-04-25,21:57:02,-07:00,2026-04-25T21:57:02-07:00,0,0
projects/projects.js,11,js,05a9d1f0,Tijil Chhabra,2026-05-02,21:26:19,-07:00,2026-05-02T21:26:19-07:00,0,0
projects/projects.js,12,js,05a9d1f0,Tijil Chhabra,2026-05-02,21:26:19,-07:00,2026-05-02T21:26:19-07:00,0,59
projects/projects.js,13,js,05a9d1f0,Tijil Chhabra,2026-05-02,21:26:19,-07:00,2026-05-02T21:26:19-07:00,0,49
projects/projects.js,14,js,05a9d1f0,Tijil Chhabra,2026-05-02,21:26:19,-07:00,2026-05-02T21:26:19-07:00,0,0
projects/projects.js,15,js,05a9d1f0,Tijil Chhabra,2026-05-02,21:26:19,-07:00,2026-05-02T21:26:19-07:00,0,21
projects/projects.js,16,js,05a9d1f0,Tijil Chhabra,2026-05-02,21:26:19,-07:00,2026-05-02T21:26:19-07:00,0,13
projects/projects.js,17,js,05a9d1f0,Tijil Chhabra,2026-05-02,21:26:19,-07:00,2026-05-02T21:26:19-07:00,0,22
projects/projects.js,18,js,05a9d1f0,Tijil Chhabra,2026-05-02,21:26:19,-07:00,2026-05-02T21:26:19-07:00,0,0
projects/projects.js,19,js,05a9d1f0,Tijil Chhabra,2026-05-02,21:26:19,-07:00,2026-05-02T21:26:19-07:00,0,25
projects/projects.js,20,js,05a9d1f0,Tijil Chhabra,2026-05-02,21:26:19,-07:00,2026-05-02T21:26:19-07:00,2,22
projects/projects.js,21,js,05a9d1f0,Tijil Chhabra,2026-05-02,21:26:19,-07:00,2026-05-02T21:26:19-07:00,2,10
projects/projects.js,22,js,05a9d1f0,Tijil Chhabra,2026-05-02,21:26:19,-07:00,2026-05-02T21:26:19-07:00,4,39
projects/projects.js,23,js,05a9d1f0,Tijil Chhabra,2026-05-02,21:26:19,-07:00,2026-05-02T21:26:19-07:00,6,83
projects/projects.js,24,js,05a9d1f0,Tijil Chhabra,2026-05-02,21:26:19,-07:00,2026-05-02T21:26:19-07:00,4,1
projects/projects.js,25,js,05a9d1f0,Tijil Chhabra,2026-05-02,21:26:19,-07:00,2026-05-02T21:26:19-07:00,2,0
projects/projects.js,26,js,05a9d1f0,Tijil Chhabra,2026-05-02,21:26:19,-07:00,2026-05-02T21:26:19-07:00,2,58
projects/projects.js,27,js,05a9d1f0,Tijil Chhabra,2026-05-02,21:26:19,-07:00,2026-05-02T21:26:19-07:00,4,55
projects/projects.js,28,js,05a9d1f0,Tijil Chhabra,2026-05-02,21:26:19,-07:00,2026-05-02T21:26:19-07:00,4,57
projects/projects.js,29,js,05a9d1f0,Tijil Chhabra,2026-05-02,21:26:19,-07:00,2026-05-02T21:26:19-07:00,2,0
projects/projects.js,30,js,05a9d1f0,Tijil Chhabra,2026-05-02,21:26:19,-07:00,2026-05-02T21:26:19-07:00,2,14
projects/projects.js,31,js,05a9d1f0,Tijil Chhabra,2026-05-02,21:26:19,-07:00,2026-05-02T21:26:19-07:00,0,0
projects/projects.js,32,js,05a9d1f0,Tijil Chhabra,2026-05-02,21:26:19,-07:00,2026-05-02T21:26:19-07:00,0,0
projects/projects.js,33,js,05a9d1f0,Tijil Chhabra,2026-05-02,21:26:19,-07:00,2026-05-02T21:26:19-07:00,0,38
projects/projects.js,34,js,05a9d1f0,Tijil Chhabra,2026-05-02,21:26:19,-07:00,2026-05-02T21:26:19-07:00,2,28
projects/projects.js,35,js,05a9d1f0,Tijil Chhabra,2026-05-02,21:26:19,-07:00,2026-05-02T21:26:19-07:00,4,12
projects/projects.js,36,js,05a9d1f0,Tijil Chhabra,2026-05-02,21:26:19,-07:00,2026-05-02T21:26:19-07:00,4,14
projects/projects.js,37,js,05a9d1f0,Tijil Chhabra,2026-05-02,21:26:19,-07:00,2026-05-02T21:26:19-07:00,4,12
projects/projects.js,38,js,05a9d1f0,Tijil Chhabra,2026-05-02,21:26:19,-07:00,2026-05-02T21:26:19-07:00,2,0
projects/projects.js,39,js,05a9d1f0,Tijil Chhabra,2026-05-02,21:26:19,-07:00,2026-05-02T21:26:19-07:00,2,78
projects/projects.js,40,js,05a9d1f0,Tijil Chhabra,2026-05-02,21:26:19,-07:00,2026-05-02T21:26:19-07:00,2,20
projects/projects.js,41,js,05a9d1f0,Tijil Chhabra,2026-05-02,21:26:19,-07:00,2026-05-02T21:26:19-07:00,0,0
projects/projects.js,42,js,05a9d1f0,Tijil Chhabra,2026-05-02,21:26:19,-07:00,2026-05-02T21:26:19-07:00,2,52
projects/projects.js,43,js,05a9d1f0,Tijil Chhabra,2026-05-02,21:26:19,-07:00,2026-05-02T21:26:19-07:00,2,35
projects/projects.js,44,js,05a9d1f0,Tijil Chhabra,2026-05-02,21:26:19,-07:00,2026-05-02T21:26:19-07:00,2,47
projects/projects.js,45,js,05a9d1f0,Tijil Chhabra,2026-05-02,21:26:19,-07:00,2026-05-02T21:26:19-07:00,0,0
projects/projects.js,46,js,05a9d1f0,Tijil Chhabra,2026-05-02,21:26:19,-07:00,2026-05-02T21:26:19-07:00,2,42
projects/projects.js,47,js,05a9d1f0,Tijil Chhabra,2026-05-02,21:26:19,-07:00,2026-05-02T21:26:19-07:00,2,29
projects/projects.js,48,js,05a9d1f0,Tijil Chhabra,2026-05-02,21:26:19,-07:00,2026-05-02T21:26:19-07:00,2,36
projects/projects.js,49,js,05a9d1f0,Tijil Chhabra,2026-05-02,21:26:19,-07:00,2026-05-02T21:26:19-07:00,2,32
projects/projects.js,50,js,05a9d1f0,Tijil Chhabra,2026-05-02,21:26:19,-07:00,2026-05-02T21:26:19-07:00,0,0
projects/projects.js,51,js,05a9d1f0,Tijil Chhabra,2026-05-02,21:26:19,-07:00,2026-05-02T21:26:19-07:00,2,24
projects/projects.js,52,js,05a9d1f0,Tijil Chhabra,2026-05-02,21:26:19,-07:00,2026-05-02T21:26:19-07:00,4,1
projects/projects.js,53,js,05a9d1f0,Tijil Chhabra,2026-05-02,21:26:19,-07:00,2026-05-02T21:26:19-07:00,6,13
projects/projects.js,54,js,05a9d1f0,Tijil Chhabra,2026-05-02,21:26:19,-07:00,2026-05-02T21:26:19-07:00,6,13
projects/projects.js,55,js,05a9d1f0,Tijil Chhabra,2026-05-02,21:26:19,-07:00,2026-05-02T21:26:19-07:00,6,22
projects/projects.js,56,js,05a9d1f0,Tijil Chhabra,2026-05-02,21:26:19,-07:00,2026-05-02T21:26:19-07:00,6,51
projects/projects.js,57,js,05a9d1f0,Tijil Chhabra,2026-05-02,21:26:19,-07:00,2026-05-02T21:26:19-07:00,6,18
projects/projects.js,58,js,05a9d1f0,Tijil Chhabra,2026-05-02,21:26:19,-07:00,2026-05-02T21:26:19-07:00,8,43
projects/projects.js,59,js,05a9d1f0,Tijil Chhabra,2026-05-02,21:26:19,-07:00,2026-05-02T21:26:19-07:00,0,0
projects/projects.js,60,js,05a9d1f0,Tijil Chhabra,2026-05-02,21:26:19,-07:00,2026-05-02T21:26:19-07:00,8,45
projects/projects.js,61,js,05a9d1f0,Tijil Chhabra,2026-05-02,21:26:19,-07:00,2026-05-02T21:26:19-07:00,10,37
projects/projects.js,62,js,05a9d1f0,Tijil Chhabra,2026-05-02,21:26:19,-07:00,2026-05-02T21:26:19-07:00,8,0
projects/projects.js,63,js,05a9d1f0,Tijil Chhabra,2026-05-02,21:26:19,-07:00,2026-05-02T21:26:19-07:00,8,48
projects/projects.js,64,js,05a9d1f0,Tijil Chhabra,2026-05-02,21:26:19,-07:00,2026-05-02T21:26:19-07:00,10,60
projects/projects.js,65,js,05a9d1f0,Tijil Chhabra,2026-05-02,21:26:19,-07:00,2026-05-02T21:26:19-07:00,8,0
projects/projects.js,66,js,05a9d1f0,Tijil Chhabra,2026-05-02,21:26:19,-07:00,2026-05-02T21:26:19-07:00,0,0
projects/projects.js,67,js,05a9d1f0,Tijil Chhabra,2026-05-02,21:26:19,-07:00,2026-05-02T21:26:19-07:00,8,56
projects/projects.js,68,js,05a9d1f0,Tijil Chhabra,2026-05-02,21:26:19,-07:00,2026-05-02T21:26:19-07:00,6,1
projects/projects.js,69,js,05a9d1f0,Tijil Chhabra,2026-05-02,21:26:19,-07:00,2026-05-02T21:26:19-07:00,2,1
projects/projects.js,70,js,05a9d1f0,Tijil Chhabra,2026-05-02,21:26:19,-07:00,2026-05-02T21:26:19-07:00,0,0
projects/projects.js,71,js,05a9d1f0,Tijil Chhabra,2026-05-02,21:26:19,-07:00,2026-05-02T21:26:19-07:00,2,22
projects/projects.js,72,js,05a9d1f0,Tijil Chhabra,2026-05-02,21:26:19,-07:00,2026-05-02T21:26:19-07:00,4,6
projects/projects.js,73,js,05a9d1f0,Tijil Chhabra,2026-05-02,21:26:19,-07:00,2026-05-02T21:26:19-07:00,6,11
projects/projects.js,74,js,05a9d1f0,Tijil Chhabra,2026-05-02,21:26:19,-07:00,2026-05-02T21:26:19-07:00,6,74
projects/projects.js,75,js,05a9d1f0,Tijil Chhabra,2026-05-02,21:26:19,-07:00,2026-05-02T21:26:19-07:00,6,36
projects/projects.js,76,js,05a9d1f0,Tijil Chhabra,2026-05-02,21:26:19,-07:00,2026-05-02T21:26:19-07:00,6,69
projects/projects.js,77,js,05a9d1f0,Tijil Chhabra,2026-05-02,21:26:19,-07:00,2026-05-02T21:26:19-07:00,2,1
projects/projects.js,78,js,05a9d1f0,Tijil Chhabra,2026-05-02,21:26:19,-07:00,2026-05-02T21:26:19-07:00,0,0
projects/projects.js,79,js,05a9d1f0,Tijil Chhabra,2026-05-02,21:26:19,-07:00,2026-05-02T21:26:19-07:00,0,0
projects/projects.js,80,js,05a9d1f0,Tijil Chhabra,2026-05-02,21:26:19,-07:00,2026-05-02T21:26:19-07:00,0,23
projects/projects.js,81,js,05a9d1f0,Tijil Chhabra,2026-05-02,21:26:19,-07:00,2026-05-02T21:26:19-07:00,0,48
projects/projects.js,82,js,05a9d1f0,Tijil Chhabra,2026-05-02,21:26:19,-07:00,2026-05-02T21:26:19-07:00,0,0
projects/projects.js,83,js,05a9d1f0,Tijil Chhabra,2026-05-02,21:26:19,-07:00,2026-05-02T21:26:19-07:00,0,55
projects/projects.js,84,js,05a9d1f0,Tijil Chhabra,2026-05-02,21:26:19,-07:00,2026-05-02T21:26:19-07:00,0,48
projects/projects.js,85,js,05a9d1f0,Tijil Chhabra,2026-05-02,21:26:19,-07:00,2026-05-02T21:26:19-07:00,2,25
projects/projects.js,86,js,05a9d1f0,Tijil Chhabra,2026-05-02,21:26:19,-07:00,2026-05-02T21:26:19-07:00,2,17
projects/projects.js,87,js,05a9d1f0,Tijil Chhabra,2026-05-02,21:26:19,-07:00,2026-05-02T21:26:19-07:00,2,40
projects/projects.js,88,js,05a9d1f0,Tijil Chhabra,2026-05-02,21:26:19,-07:00,2026-05-02T21:26:19-07:00,2,56
projects/projects.js,89,js,05a9d1f0,Tijil Chhabra,2026-05-02,21:26:19,-07:00,2026-05-02T21:26:19-07:00,2,31
projects/projects.js,90,js,05a9d1f0,Tijil Chhabra,2026-05-02,21:26:19,-07:00,2026-05-02T21:26:19-07:00,0,1
projects/index.html,1,html,908b12f8,Tijil Chhabra,2026-04-04,19:10:39,-07:00,2026-04-04T19:10:39-07:00,0,13
projects/index.html,2,html,908b12f8,Tijil Chhabra,2026-04-04,19:10:39,-07:00,2026-04-04T19:10:39-07:00,0,14
projects/index.html,3,html,908b12f8,Tijil Chhabra,2026-04-04,19:10:39,-07:00,2026-04-04T19:10:39-07:00,1,4
projects/index.html,4,html,908b12f8,Tijil Chhabra,2026-04-04,19:10:39,-07:00,2026-04-04T19:10:39-07:00,2,22
projects/index.html,5,html,5cac7079,Tijil Chhabra,2026-04-11,13:05:04,-07:00,2026-04-11T13:05:04-07:00,2,70
projects/index.html,6,html,b3b558ae,Tijil Chhabra,2026-04-25,21:57:02,-07:00,2026-04-25T21:57:02-07:00,2,24
projects/index.html,7,html,95eba08d,Tijil Chhabra,2026-04-11,13:09:15,-07:00,2026-04-11T13:09:15-07:00,2,53
projects/index.html,8,html,c39759e7,Tijil Chhabra,2026-04-24,13:28:33,-07:00,2026-04-24T13:28:33-07:00,2,58
projects/index.html,9,html,b3b558ae,Tijil Chhabra,2026-04-25,21:57:02,-07:00,2026-04-25T21:57:02-07:00,2,47
projects/index.html,10,html,908b12f8,Tijil Chhabra,2026-04-04,19:10:39,-07:00,2026-04-04T19:10:39-07:00,1,5
projects/index.html,11,html,908b12f8,Tijil Chhabra,2026-04-04,19:10:39,-07:00,2026-04-04T19:10:39-07:00,1,4
projects/index.html,12,html,b3b558ae,Tijil Chhabra,2026-04-25,21:57:02,-07:00,2026-04-25T21:57:02-07:00,2,38
projects/index.html,13,html,05a9d1f0,Tijil Chhabra,2026-05-02,21:26:19,-07:00,2026-05-02T21:26:19-07:00,2,4
projects/index.html,14,html,05a9d1f0,Tijil Chhabra,2026-05-02,21:26:19,-07:00,2026-05-02T21:26:19-07:00,3,15
projects/index.html,15,html,05a9d1f0,Tijil Chhabra,2026-05-02,21:26:19,-07:00,2026-05-02T21:26:19-07:00,3,11
projects/index.html,16,html,05a9d1f0,Tijil Chhabra,2026-05-02,21:26:19,-07:00,2026-05-02T21:26:19-07:00,3,26
projects/index.html,17,html,05a9d1f0,Tijil Chhabra,2026-05-02,21:26:19,-07:00,2026-05-02T21:26:19-07:00,3,31
projects/index.html,18,html,05a9d1f0,Tijil Chhabra,2026-05-02,21:26:19,-07:00,2026-05-02T21:26:19-07:00,2,0
projects/index.html,19,html,05a9d1f0,Tijil Chhabra,2026-05-02,21:26:19,-07:00,2026-05-02T21:26:19-07:00,2,27
projects/index.html,20,html,05a9d1f0,Tijil Chhabra,2026-05-02,21:26:19,-07:00,2026-05-02T21:26:19-07:00,3,58
projects/index.html,21,html,05a9d1f0,Tijil Chhabra,2026-05-02,21:26:19,-07:00,2026-05-02T21:26:19-07:00,3,22
projects/index.html,22,html,05a9d1f0,Tijil Chhabra,2026-05-02,21:26:19,-07:00,2026-05-02T21:26:19-07:00,2,4
projects/index.html,23,html,b3b558ae,Tijil Chhabra,2026-04-25,21:57:02,-07:00,2026-04-25T21:57:02-07:00,2,26
projects/index.html,24,html,908b12f8,Tijil Chhabra,2026-04-04,19:10:39,-07:00,2026-04-04T19:10:39-07:00,1,5
projects/index.html,25,html,908b12f8,Tijil Chhabra,2026-04-04,19:10:39,-07:00,2026-04-04T19:10:39-07:00,0,5
contact/index.html,1,html,897e9e3e,Tijil Chhabra,2026-04-04,19:11:54,-07:00,2026-04-04T19:11:54-07:00,0,13
contact/index.html,2,html,897e9e3e,Tijil Chhabra,2026-04-04,19:11:54,-07:00,2026-04-04T19:11:54-07:00,0,14
contact/index.html,3,html,897e9e3e,Tijil Chhabra,2026-04-04,19:11:54,-07:00,2026-04-04T19:11:54-07:00,1,4
contact/index.html,4,html,897e9e3e,Tijil Chhabra,2026-04-04,19:11:54,-07:00,2026-04-04T19:11:54-07:00,2,22
contact/index.html,5,html,897e9e3e,Tijil Chhabra,2026-04-04,19:11:54,-07:00,2026-04-04T19:11:54-07:00,2,70
contact/index.html,6,html,897e9e3e,Tijil Chhabra,2026-04-04,19:11:54,-07:00,2026-04-04T19:11:54-07:00,2,25
contact/index.html,7,html,86c7817d,Tijil Chhabra,2026-04-11,13:32:22,-07:00,2026-04-11T13:32:22-07:00,2,53
contact/index.html,8,html,c39759e7,Tijil Chhabra,2026-04-24,13:28:33,-07:00,2026-04-24T13:28:33-07:00,2,58
contact/index.html,9,html,897e9e3e,Tijil Chhabra,2026-04-04,19:11:54,-07:00,2026-04-04T19:11:54-07:00,1,5
contact/index.html,10,html,897e9e3e,Tijil Chhabra,2026-04-04,19:11:54,-07:00,2026-04-04T19:11:54-07:00,1,4
contact/index.html,11,html,c39759e7,Tijil Chhabra,2026-04-24,13:28:33,-07:00,2026-04-24T13:28:33-07:00,0,17
contact/index.html,12,html,c39759e7,Tijil Chhabra,2026-04-24,13:28:33,-07:00,2026-04-24T13:28:33-07:00,2,43
contact/index.html,13,html,897e9e3e,Tijil Chhabra,2026-04-04,19:11:54,-07:00,2026-04-04T19:11:54-07:00,3,4
contact/index.html,14,html,897e9e3e,Tijil Chhabra,2026-04-04,19:11:54,-07:00,2026-04-04T19:11:54-07:00,4,6
contact/index.html,15,html,897e9e3e,Tijil Chhabra,2026-04-04,19:11:54,-07:00,2026-04-04T19:11:54-07:00,4,22
contact/index.html,16,html,897e9e3e,Tijil Chhabra,2026-04-04,19:11:54,-07:00,2026-04-04T19:11:54-07:00,3,6
contact/index.html,17,html,897e9e3e,Tijil Chhabra,2026-04-04,19:11:54,-07:00,2026-04-04T19:11:54-07:00,3,4
contact/index.html,18,html,897e9e3e,Tijil Chhabra,2026-04-04,19:11:54,-07:00,2026-04-04T19:11:54-07:00,4,6
contact/index.html,19,html,897e9e3e,Tijil Chhabra,2026-04-04,19:11:54,-07:00,2026-04-04T19:11:54-07:00,4,31
contact/index.html,20,html,897e9e3e,Tijil Chhabra,2026-04-04,19:11:54,-07:00,2026-04-04T19:11:54-07:00,3,6
contact/index.html,21,html,897e9e3e,Tijil Chhabra,2026-04-04,19:11:54,-07:00,2026-04-04T19:11:54-07:00,3,19
contact/index.html,22,html,897e9e3e,Tijil Chhabra,2026-04-04,19:11:54,-07:00,2026-04-04T19:11:54-07:00,2,5
contact/index.html,23,html,897e9e3e,Tijil Chhabra,2026-04-04,19:11:54,-07:00,2026-04-04T19:11:54-07:00,1,5
contact/index.html,24,html,897e9e3e,Tijil Chhabra,2026-04-04,19:11:54,-07:00,2026-04-04T19:11:54-07:00,0,5
